1	если	если	SCONJ	_	_	_	_	_	@nns1982m-words#@nns1982m#2900.41#2900.732
2	тебя	ты	PRON	_	Case=Acc|Number=Sing|Person=2	_	_	_	@nns1982m-words#@nns1982m#2900.732#2901.054
3	попросят	просить	VERB	_	Aspect=Perf|Mood=Ind|Number=Plur|Person=3|Tense=Fut|VerbForm=Fin|Voice=Act	_	_	_	@nns1982m-words#@nns1982m#2901.054#2901.376
4	/	/	PUNCT	_	_	_	_	_	@nns1982m-words#@nns1982m#2901.376#2901.698
5	а	а	CCONJ	_	_	_	_	_	@nns1982m-words#@nns1982m#2901.698#2902.02
6	тебя	ты	PRON	_	Case=Acc|Number=Sing|Person=2	_	_	_	@nns1982m-words#@nns1982m#2902.02#2902.342
7	просили	просить	VERB	_	Aspect=Imp|Mood=Ind|Number=Plur|Tense=Past|VerbForm=Fin|Voice=Act	_	_	_	@nns1982m-words#@nns1982m#2902.342#2902.664
8	наверняка	наверняка	ADV	_	Degree=Pos	_	_	_	@nns1982m-words#@nns1982m#2902.664#2902.986
9	/	/	PUNCT	_	_	_	_	_	@nns1982m-words#@nns1982m#2902.986#2903.308
10	назвать	назвать	VERB	_	Aspect=Perf|VerbForm=Inf|Voice=Act	_	_	_	@nns1982m-words#@nns1982m#2903.308#2903.63
11	/	/	PUNCT	_	_	_	_	_	@nns1982m-words#@nns1982m#2903.63#2903.952
12	кроме	кроме	ADP	_	_	_	_	_	@nns1982m-words#@nns1982m#2903.952#2904.274
13	тебя	ты	PRON	_	Case=Gen|Number=Sing|Person=2	_	_	_	@nns1982m-words#@nns1982m#2904.274#2904.596
14	самого	сам	ADJ	_	Case=Gen|Degree=Pos|Gender=Masc|Number=Sing	_	_	_	@nns1982m-words#@nns1982m#2904.596#2904.918
15	/	/	PUNCT	_	_	_	_	_	@nns1982m-words#@nns1982m#2904.918#2905.24
16	трёх	три	NUM	_	Case=Loc	_	_	_	@nns1982m-words#@nns1982m#2905.24#2905.562
17	самых	самый	ADJ	_	Case=Gen|Degree=Pos|Number=Plur	_	_	_	@nns1982m-words#@nns1982m#2905.562#2905.884
18	сильных	сильный	ADJ	_	Case=Gen|Degree=Pos|Number=Plur	_	_	_	@nns1982m-words#@nns1982m#2905.884#2906.206
19	игроков	игрок	NOUN	_	Animacy=Anim|Case=Gen|Gender=Masc|Number=Plur	_	_	_	@nns1982m-words#@nns1982m#2906.206#2906.528
20	чтогдекогда	чтогдекогда	ADV	_	Degree=Pos	_	_	_	@nns1982m-words#@nns1982m#2906.528#2906.85
21	/	/	PUNCT	_	_	_	_	_	@nns1982m-words#@nns1982m#2906.85#2907.172
22	в	в	ADP	_	_	_	_	_	@nns1982m-words#@nns1982m#2907.172#2907.494
23	истории	история	NOUN	_	Animacy=Inan|Case=Loc|Gender=Fem|Number=Sing	_	_	_	@nns1982m-words#@nns1982m#2907.494#2907.816
24	/	/	PUNCT	_	_	_	_	_	@nns1982m-words#@nns1982m#2907.816#2908.138
25	кого	кто	PRON	_	Case=Acc	_	_	_	@nns1982m-words#@nns1982m#2908.138#2908.46
26	назовешь	назвать	VERB	_	Aspect=Imp|Mood=Ind|Number=Sing|Person=2|Tense=Pres|VerbForm=Fin|Voice=Act	_	_	_	@nns1982m-words#@nns1982m#2908.46#2908.782
27	?	?	PUNCT	_	_	_	_	_	@nns1982m-words#@nns1982m#2908.782#2909.11
28	#смеётся#	#смеётся#	NOUN	_	Animacy=Inan|Case=Gen|Gender=Fem|Number=Sing	_	_	_	@nns1982m-words#@nns1982m#2920.48#2923.27
29	абсолютно	абсолютно	ADV	_	Degree=Pos	_	_	_	@nns1982m-words#@nns1982m#2944.01#2944.805
30	поддерживаю	поддерживать	VERB	_	Aspect=Imp|Mood=Ind|Number=Sing|Person=1|Tense=Pres|VerbForm=Fin|Voice=Act	_	_	_	@nns1982m-words#@nns1982m#2944.805#2945.6
31	а	а	CCONJ	_	_	_	_	_	@nns1982m-words#@nns1982m#2947.34#2947.557
32	почему	почему	ADV	_	Degree=Pos	_	_	_	@nns1982m-words#@nns1982m#2947.557#2947.774
33	Двинятин	Двинятин	PROPN	_	Animacy=Anim|Case=Nom|Gender=Masc|Number=Sing	_	_	_	@nns1982m-words#@nns1982m#2947.774#2947.991
34	?	?	PUNCT	_	_	_	_	_	@nns1982m-words#@nns1982m#2947.991#2948.21
35	то есть	то есть	NOUN	_	Animacy=Inan|Case=Acc|Gender=Fem|Number=Sing	_	_	_	@nns1982m-words#@nns1982m#2992.07#2992.31
36	одной	один	NUM	_	Case=Dat|Gender=Fem	_	_	_	@nns1982m-words#@nns1982m#2992.55#2992.79
37	команде	команда	NOUN	_	Animacy=Inan|Case=Dat|Gender=Fem|Number=Sing	_	_	_	@nns1982m-words#@nns1982m#2992.79#2993.03
38	вы	вы	PRON	_	Case=Nom|Number=Plur|Person=2	_	_	_	@nns1982m-words#@nns1982m#2993.03#2993.27
39	/	/	PUNCT	_	_	_	_	_	@nns1982m-words#@nns1982m#2993.27#2993.51
40	ни	ни	PART	_	_	_	_	_	@nns1982m-words#@nns1982m#2993.51#2993.75
41	одной	один	NUM	_	Case=Gen|Gender=Fem	_	_	_	@nns1982m-words#@nns1982m#2993.75#2993.99
42	игры	игра	NOUN	_	Animacy=Inan|Case=Gen|Gender=Fem|Number=Sing	_	_	_	@nns1982m-words#@nns1982m#2993.99#2994.23
43	не	не	PART	_	_	_	_	_	@nns1982m-words#@nns1982m#2994.23#2994.47
44	было	быть	VERB	_	Aspect=Imp|Gender=Neut|Mood=Ind|Number=Sing|Tense=Past|VerbForm=Fin|Voice=Act	_	_	_	@nns1982m-words#@nns1982m#2994.47#2994.71
45	/	/	PUNCT	_	_	_	_	_	@nns1982m-words#@nns1982m#2994.71#2994.95
46	вместе	вместе	ADV	_	Degree=Pos	_	_	_	@nns1982m-words#@nns1982m#2994.95#2995.19
47	?	?	PUNCT	_	_	_	_	_	@nns1982m-words#@nns1982m#2995.19#2995.43
48	скажи	сказать	VERB	_	Aspect=Perf|Mood=Imp|Number=Sing|Person=2|VerbForm=Fin|Voice=Act	_	_	_	@nns1982m-words#@nns1982m#2995.71#2995.994
49	пожалуйста	пожалуйста	ADV	_	Degree=Pos	_	_	_	@nns1982m-words#@nns1982m#2995.994#2996.278
50	/	/	PUNCT	_	_	_	_	_	@nns1982m-words#@nns1982m#2996.278#2996.562
51	ааа	аа	NOUN	_	Animacy=Inan|Case=Nom|Gender=Fem|Number=Sing	_	_	_	@nns1982m-words#@nns1982m#2996.562#2996.846
52	/	/	PUNCT	_	_	_	_	_	@nns1982m-words#@nns1982m#2996.846#2997.13
53	почему	почему	ADV	_	Degree=Pos	_	_	_	@nns1982m-words#@nns1982m#2997.13#2997.414
54	собственно	собственно	ADV	_	Degree=Pos	_	_	_	@nns1982m-words#@nns1982m#2997.414#2997.698
55	вот	вот	PART	_	_	_	_	_	@nns1982m-words#@nns1982m#2997.698#2997.982
56	эээ…	эээ…	PUNCT	_	_	_	_	_	@nns1982m-words#@nns1982m#2997.982#2998.266
57	т…	т…	PUNCT	_	_	_	_	_	@nns1982m-words#@nns1982m#2998.266#2998.55
58	твоя	твой	DET	_	Case=Nom|Gender=Fem|Number=Sing	_	_	_	@nns1982m-words#@nns1982m#2998.55#2998.834
59	версия	версия	NOUN	_	Animacy=Inan|Case=Nom|Gender=Fem|Number=Sing	_	_	_	@nns1982m-words#@nns1982m#2998.834#2999.118
60	какая	какой	DET	_	Case=Nom|Gender=Fem|Number=Sing	_	_	_	@nns1982m-words#@nns1982m#2999.118#2999.402
61	или	или	CCONJ	_	_	_	_	_	@nns1982m-words#@nns1982m#2999.402#2999.686
62	может быть	может быть	AUX	_	Aspect=Imp|VerbForm=Inf|Voice=Act	_	_	_	@nns1982m-words#@nns1982m#2999.686#2999.97
63	ты	ты	PRON	_	Case=Nom|Number=Sing|Person=2	_	_	_	@nns1982m-words#@nns1982m#3000.254#3000.538
64	знаешь	знать	VERB	_	Aspect=Imp|Mood=Ind|Number=Sing|Person=2|Tense=Pres|VerbForm=Fin|Voice=Act	_	_	_	@nns1982m-words#@nns1982m#3000.538#3000.822
65	/	/	PUNCT	_	_	_	_	_	@nns1982m-words#@nns1982m#3000.822#3001.106
66	почему	почему	ADV	_	Degree=Pos	_	_	_	@nns1982m-words#@nns1982m#3001.106#3001.39
67	он	он	PRON	_	Case=Nom|Gender=Masc|Number=Sing|Person=3	_	_	_	@nns1982m-words#@nns1982m#3001.39#3001.674
68	всё-таки	все-таки	PART	_	_	_	_	_	@nns1982m-words#@nns1982m#3001.674#3001.958
69	принял	принять	VERB	_	Aspect=Perf|Gender=Masc|Mood=Ind|Number=Sing|Tense=Past|VerbForm=Fin|Voice=Act	_	_	_	@nns1982m-words#@nns1982m#3001.958#3002.242
70	решение	решение	NOUN	_	Animacy=Inan|Case=Acc|Gender=Neut|Number=Sing	_	_	_	@nns1982m-words#@nns1982m#3002.242#3002.526
71	завязать	завязать	VERB	_	Aspect=Perf|VerbForm=Inf|Voice=Act	_	_	_	@nns1982m-words#@nns1982m#3002.526#3002.81
72	с	с	ADP	_	_	_	_	_	@nns1982m-words#@nns1982m#3002.81#3003.094
73	этим	этот	PRON	_	Animacy=Inan|Case=Ins|Gender=Neut|Number=Sing	_	_	_	@nns1982m-words#@nns1982m#3003.094#3003.378
74	раз	раз	NOUN	_	Animacy=Inan|Case=Acc|Gender=Masc|Number=Sing	_	_	_	@nns1982m-words#@nns1982m#3003.378#3003.662
75	и	и	CCONJ	_	_	_	_	_	@nns1982m-words#@nns1982m#3003.662#3003.946
76	навсегда	навсегда	ADV	_	Degree=Pos	_	_	_	@nns1982m-words#@nns1982m#3003.946#3004.23
77	?	?	PUNCT	_	_	_	_	_	@nns1982m-words#@nns1982m#3004.23#3004.53
78	а	а	CCONJ	_	_	_	_	_	@nns1982m-words#@nns1982m#3024.4#3024.591
79	тебе	ты	PRON	_	Case=Dat|Number=Sing|Person=2	_	_	_	@nns1982m-words#@nns1982m#3024.591#3024.782
80	больше	больше	ADV	_	Degree=Cmp	_	_	_	@nns1982m-words#@nns1982m#3024.782#3024.973
81	не	не	PART	_	_	_	_	_	@nns1982m-words#@nns1982m#3024.973#3025.164
82	предлагали	предлагать	VERB	_	Aspect=Imp|Mood=Ind|Number=Plur|Tense=Past|VerbForm=Fin|Voice=Act	_	_	_	@nns1982m-words#@nns1982m#3025.164#3025.355
83	?	?	PUNCT	_	_	_	_	_	@nns1982m-words#@nns1982m#3025.355#3025.55
84	но	но	CCONJ	_	_	_	_	_	@nns1982m-words#@nns1982m#3108.77#3109.018
85	в	в	ADP	_	_	_	_	_	@nns1982m-words#@nns1982m#3109.018#3109.266
86	ютьюбе	ютьюб	NOUN	_	Animacy=Inan|Case=Loc|Gender=Fem|Number=Sing	_	_	_	@nns1982m-words#@nns1982m#3109.266#3109.514
87	её	она	PRON	_	Case=Gen|Gender=Fem|Number=Sing|Person=3	_	_	_	@nns1982m-words#@nns1982m#3109.514#3109.762
88	очень	очень	ADV	_	Degree=Pos	_	_	_	@nns1982m-words#@nns1982m#3109.762#3110.01
89	много	много	ADV	_	Degree=Pos	_	_	_	@nns1982m-words#@nns1982m#3110.01#3110.258
90	смотрят	смотреть	VERB	_	Aspect=Imp|Mood=Ind|Number=Plur|Person=3|Tense=Pres|VerbForm=Fin|Voice=Act	_	_	_	@nns1982m-words#@nns1982m#3110.258#3110.51
91	прости	прость	VERB	_	Aspect=Perf|Mood=Imp|Number=Sing|Person=2|VerbForm=Fin|Voice=Act	_	_	_	@nns1982m-words#@nns1982m#3140.0#3140.291
92	меня	я	PRON	_	Case=Acc|Number=Sing|Person=1	_	_	_	@nns1982m-words#@nns1982m#3140.291#3140.582
93	за	за	ADP	_	_	_	_	_	@nns1982m-words#@nns1982m#3140.582#3140.873
94	этот	этот	DET	_	Case=Acc|Gender=Masc|Number=Sing	_	_	_	@nns1982m-words#@nns1982m#3140.873#3141.164
95	вопрос	вопрос	NOUN	_	Animacy=Inan|Case=Acc|Gender=Masc|Number=Sing	_	_	_	@nns1982m-words#@nns1982m#3141.164#3141.455
96	/	/	PUNCT	_	_	_	_	_	@nns1982m-words#@nns1982m#3141.455#3141.746
97	совершенно	совершенно	ADV	_	Degree=Pos	_	_	_	@nns1982m-words#@nns1982m#3141.746#3142.037
98	как бы	как бы	NOUN	_	Animacy=Anim|Case=Nom|Gender=Masc|Number=Plur	_	_	_	@nns1982m-words#@nns1982m#3142.037#3142.328
99	личный	личный	ADJ	_	Case=Nom|Degree=Pos|Gender=Masc|Number=Sing	_	_	_	@nns1982m-words#@nns1982m#3142.619#3142.91
100	но	но	CCONJ	_	_	_	_	_	@nns1982m-words#@nns1982m#3142.91#3143.201
101	/	/	PUNCT	_	_	_	_	_	@nns1982m-words#@nns1982m#3143.201#3143.492
102	просто	просто	PART	_	_	_	_	_	@nns1982m-words#@nns1982m#3143.492#3143.783
103	любопытно	любопытный	ADJ	_	Degree=Pos|Gender=Neut|Number=Sing|Variant=Short	_	_	_	@nns1982m-words#@nns1982m#3143.783#3144.074
104	по-человечески	по-человечески	ADV	_	Degree=Pos	_	_	_	@nns1982m-words#@nns1982m#3144.074#3144.365
105	/	/	PUNCT	_	_	_	_	_	@nns1982m-words#@nns1982m#3144.365#3144.656
106	а	а	CCONJ	_	_	_	_	_	@nns1982m-words#@nns1982m#3144.656#3144.947
107	Крюк	крюк	PROPN	_	Animacy=Anim|Case=Nom|Gender=Masc|Number=Sing	_	_	_	@nns1982m-words#@nns1982m#3144.947#3145.238
108	хороший	хороший	ADJ	_	Case=Nom|Degree=Pos|Gender=Masc|Number=Sing	_	_	_	@nns1982m-words#@nns1982m#3145.238#3145.529
109	чувак	чувак	NOUN	_	Animacy=Anim|Case=Nom|Gender=Masc|Number=Sing	_	_	_	@nns1982m-words#@nns1982m#3145.529#3145.82
110	?	?	PUNCT	_	_	_	_	_	@nns1982m-words#@nns1982m#3145.82#3146.13
111	скорее	скорее	ADV	_	Degree=Pos	_	_	_	@nns1982m-words#@nns1982m#3165.0#3165.267
112	всего	все	PRON	_	Animacy=Inan|Case=Gen|Gender=Neut|Number=Sing	_	_	_	@nns1982m-words#@nns1982m#3165.267#3165.534
113	/	/	PUNCT	_	_	_	_	_	@nns1982m-words#@nns1982m#3165.534#3165.801
114	от	от	ADP	_	_	_	_	_	@nns1982m-words#@nns1982m#3165.801#3166.068
115	него	он	PRON	_	Case=Gen|Gender=Masc|Number=Sing|Person=3	_	_	_	@nns1982m-words#@nns1982m#3166.068#3166.335
116	тоже	тоже	PART	_	_	_	_	_	@nns1982m-words#@nns1982m#3166.335#3166.602
117	пойдёт	пойти	VERB	_	Aspect=Perf|Mood=Ind|Number=Sing|Person=3|Tense=Fut|VerbForm=Fin|Voice=Act	_	_	_	@nns1982m-words#@nns1982m#3166.602#3166.869
118	по	по	ADP	_	_	_	_	_	@nns1982m-words#@nns1982m#3166.869#3167.136
119	наследству	наследство	NOUN	_	Animacy=Inan|Case=Dat|Gender=Neut|Number=Sing	_	_	_	@nns1982m-words#@nns1982m#3167.136#3167.41
120	дай	дать	VERB	_	Aspect=Perf|Mood=Imp|Number=Sing|Person=2|VerbForm=Fin|Voice=Act	_	_	_	@nns1982m-words#@nns1982m#3168.72#3168.95
121	бог	бог	NOUN	_	Animacy=Anim|Case=Nom|Gender=Masc|Number=Sing	_	_	_	@nns1982m-words#@nns1982m#3168.95#3169.18
122	есть	быть	VERB	_	Aspect=Imp|Mood=Ind|Number=Sing|Person=3|Tense=Pres|VerbForm=Fin|Voice=Act	_	_	_	@isn1982m-words#@isn1982m#2909.84#2910.156
123	такой	такой	DET	_	Case=Nom|Gender=Masc|Number=Sing	_	_	_	@isn1982m-words#@isn1982m#2910.156#2910.472
124	классический	классический	ADJ	_	Case=Nom|Degree=Pos|Gender=Masc|Number=Sing	_	_	_	@isn1982m-words#@isn1982m#2910.472#2910.788
125	/	/	PUNCT	_	_	_	_	_	@isn1982m-words#@isn1982m#2910.788#2911.104
126	ещё	еще	ADV	_	Degree=Pos	_	_	_	@isn1982m-words#@isn1982m#2911.104#2911.42
127	советских	советский	ADJ	_	Case=Gen|Degree=Pos|Number=Plur	_	_	_	@isn1982m-words#@isn1982m#2911.42#2911.736
128	времен	время	NOUN	_	Animacy=Inan|Case=Gen|Gender=Neut|Number=Plur	_	_	_	@isn1982m-words#@isn1982m#2911.736#2912.052
129	/	/	PUNCT	_	_	_	_	_	@isn1982m-words#@isn1982m#2912.052#2912.368
130	анекдот	анекдот	NOUN	_	Animacy=Inan|Case=Acc|Gender=Masc|Number=Sing	_	_	_	@isn1982m-words#@isn1982m#2912.368#2912.684
131	про	про	ADP	_	_	_	_	_	@isn1982m-words#@isn1982m#2912.684#2913.0
132	то	то	PRON	_	Animacy=Inan|Case=Acc|Gender=Neut|Number=Sing	_	_	_	@isn1982m-words#@isn1982m#2913.0#2913.316
133	как	как	SCONJ	_	_	_	_	_	@isn1982m-words#@isn1982m#2913.316#2913.632
134	правильно	правильно	ADV	_	Degree=Pos	_	_	_	@isn1982m-words#@isn1982m#2913.632#2913.948
135	отвечать	отвечать	VERB	_	Aspect=Imp|VerbForm=Inf|Voice=Act	_	_	_	@isn1982m-words#@isn1982m#2913.948#2914.264
136	на	на	ADP	_	_	_	_	_	@isn1982m-words#@isn1982m#2914.264#2914.58
137	вопрос	вопрос	NOUN	_	Animacy=Inan|Case=Acc|Gender=Masc|Number=Sing	_	_	_	@isn1982m-words#@isn1982m#2914.58#2914.896
138	назовите	назвать	VERB	_	Aspect=Perf|Mood=Imp|Number=Plur|Person=2|VerbForm=Fin|Voice=Act	_	_	_	@isn1982m-words#@isn1982m#2914.896#2915.212
139	с…	с…	PUNCT	_	_	_	_	_	@isn1982m-words#@isn1982m#2915.212#2915.528
140	тридцать	тридцать	NUM	_	Case=Nom	_	_	_	@isn1982m-words#@isn1982m#2915.528#2915.844
141	самых	самый	ADJ	_	Case=Gen|Degree=Pos|Number=Plur	_	_	_	@isn1982m-words#@isn1982m#2915.844#2916.16
142	великих	великий	ADJ	_	Case=Gen|Degree=Pos|Number=Plur	_	_	_	@isn1982m-words#@isn1982m#2916.16#2916.476
143	коммунистов	коммунист	NOUN	_	Animacy=Anim|Case=Gen|Gender=Masc|Number=Plur	_	_	_	@isn1982m-words#@isn1982m#2916.476#2916.792
144	всех	весь	DET	_	Case=Gen|Number=Plur	_	_	_	@isn1982m-words#@isn1982m#2916.792#2917.108
145	времён	время	NOUN	_	Animacy=Inan|Case=Gen|Gender=Neut|Number=Plur	_	_	_	@isn1982m-words#@isn1982m#2917.108#2917.424
146	да	да	PART	_	_	_	_	_	@isn1982m-words#@isn1982m#2917.424#2917.74
147	Маркс	Маркс	PROPN	_	Animacy=Anim|Case=Nom|Gender=Masc|Number=Sing	_	_	_	@isn1982m-words#@isn1982m#2917.76#2917.954
148	/	/	PUNCT	_	_	_	_	_	@isn1982m-words#@isn1982m#2917.954#2918.148
149	Энгельс	Энгельс	PROPN	_	Animacy=Anim|Case=Nom|Gender=Masc|Number=Sing	_	_	_	@isn1982m-words#@isn1982m#2918.148#2918.342
150	/	/	PUNCT	_	_	_	_	_	@isn1982m-words#@isn1982m#2918.342#2918.536
151	Ленин	Ленин	PROPN	_	Animacy=Anim|Case=Nom|Gender=Masc|Number=Sing	_	_	_	@isn1982m-words#@isn1982m#2918.536#2918.73
152	/	/	PUNCT	_	_	_	_	_	@isn1982m-words#@isn1982m#2918.73#2918.924
153	двадцать шесть	двадцать шесть	NOUN	_	Animacy=Inan|Case=Acc|Gender=Fem|Number=Sing	_	_	_	@isn1982m-words#@isn1982m#2918.924#2919.118
154	бакинских	бакинский	ADJ	_	Case=Gen|Degree=Pos|Number=Plur	_	_	_	@isn1982m-words#@isn1982m#2919.118#2919.312
155	комиссаров	комиссар	NOUN	_	Animacy=Anim|Case=Gen|Gender=Masc|Number=Plur	_	_	_	@isn1982m-words#@isn1982m#2919.312#2919.506
156	/	/	PUNCT	_	_	_	_	_	@isn1982m-words#@isn1982m#2919.506#2919.7
157	и	и	CCONJ	_	_	_	_	_	@isn1982m-words#@isn1982m#2919.7#2919.894
158	его	он	PRON	_	Case=Gen|Gender=Masc|Number=Sing|Person=3	_	_	_	@isn1982m-words#@isn1982m#2919.894#2920.088
159	товарищ	товарищ	NOUN	_	Animacy=Anim|Case=Nom|Gender=Masc|Number=Sing	_	_	_	@isn1982m-words#@isn1982m#2920.088#2920.282
160	начальник	начальник	NOUN	_	Animacy=Anim|Case=Nom|Gender=Masc|Number=Sing	_	_	_	@isn1982m-words#@isn1982m#2920.282#2920.48
161	не	не	PART	_	_	_	_	_	@isn1982m-words#@isn1982m#2922.94#2923.23
162	/	/	PUNCT	_	_	_	_	_	@isn1982m-words#@isn1982m#2923.23#2923.52
163	это	это	PRON	_	Animacy=Inan|Case=Nom|Gender=Neut|Number=Sing	_	_	_	@isn1982m-words#@isn1982m#2923.52#2923.81
164	ааа	аа	NOUN	_	Animacy=Inan|Case=Nom|Gender=Fem|Number=Sing	_	_	_	@isn1982m-words#@isn1982m#2923.81#2924.1
165	/	/	PUNCT	_	_	_	_	_	@isn1982m-words#@isn1982m#2924.1#2924.39
166	это	это	PRON	_	Animacy=Inan|Case=Nom|Gender=Neut|Number=Sing	_	_	_	@isn1982m-words#@isn1982m#2924.39#2924.68
167	вопросы	вопрос	NOUN	_	Animacy=Inan|Case=Nom|Gender=Masc|Number=Plur	_	_	_	@isn1982m-words#@isn1982m#2924.68#2924.97
168	с	с	ADP	_	_	_	_	_	@isn1982m-words#@isn1982m#2924.97#2925.26
169	/	/	PUNCT	_	_	_	_	_	@isn1982m-words#@isn1982m#2925.26#2925.55
170	с	с	ADP	_	_	_	_	_	@isn1982m-words#@isn1982m#2925.55#2925.84
171	таким	такой	DET	_	Case=Ins|Gender=Masc|Number=Sing	_	_	_	@isn1982m-words#@isn1982m#2925.84#2926.13
172	/	/	PUNCT	_	_	_	_	_	@isn1982m-words#@isn1982m#2926.13#2926.42
173	большим	большой	ADJ	_	Case=Ins|Degree=Pos|Gender=Masc|Number=Sing	_	_	_	@isn1982m-words#@isn1982m#2926.42#2926.71
174	подвохом	подвох	NOUN	_	Animacy=Inan|Case=Ins|Gender=Masc|Number=Sing	_	_	_	@isn1982m-words#@isn1982m#2926.71#2927.0
175	я	я	PRON	_	Case=Nom|Number=Sing|Person=1	_	_	_	@isn1982m-words#@isn1982m#2928.59#2928.829
176	считаю	считать	VERB	_	Aspect=Imp|Mood=Ind|Number=Sing|Person=1|Tense=Pres|VerbForm=Fin|Voice=Act	_	_	_	@isn1982m-words#@isn1982m#2928.829#2929.068
177	что	что	SCONJ	_	_	_	_	_	@isn1982m-words#@isn1982m#2929.068#2929.307
178	чукча	чукча	NOUN	_	Animacy=Anim|Case=Nom|Gender=Masc|Number=Sing	_	_	_	@isn1982m-words#@isn1982m#2929.307#2929.546
179	не	не	PART	_	_	_	_	_	@isn1982m-words#@isn1982m#2929.546#2929.785
180	/	/	PUNCT	_	_	_	_	_	@isn1982m-words#@isn1982m#2929.785#2930.024
181	читатель	читатель	NOUN	_	Animacy=Anim|Case=Nom|Gender=Masc|Number=Sing	_	_	_	@isn1982m-words#@isn1982m#2930.024#2930.263
182	а	а	CCONJ	_	_	_	_	_	@isn1982m-words#@isn1982m#2930.263#2930.502
183	писатель	писатель	NOUN	_	Animacy=Anim|Case=Nom|Gender=Masc|Number=Sing	_	_	_	@isn1982m-words#@isn1982m#2930.502#2930.741
184	вот	вот	PART	_	_	_	_	_	@isn1982m-words#@isn1982m#2930.741#2930.98
185	/	/	PUNCT	_	_	_	_	_	@isn1982m-words#@isn1982m#2930.98#2931.219
186	вот	вот	PART	_	_	_	_	_	@isn1982m-words#@isn1982m#2931.219#2931.458
187	читатель	читатель	NOUN	_	Animacy=Anim|Case=Nom|Gender=Masc|Number=Sing	_	_	_	@isn1982m-words#@isn1982m#2931.458#2931.697
188	пусть	пусть	PART	_	_	_	_	_	@isn1982m-words#@isn1982m#2931.697#2931.936
189	оценивает	оценивать	VERB	_	Aspect=Imp|Mood=Ind|Number=Sing|Person=3|Tense=Pres|VerbForm=Fin|Voice=Act	_	_	_	@isn1982m-words#@isn1982m#2931.936#2932.175
190	/	/	PUNCT	_	_	_	_	_	@isn1982m-words#@isn1982m#2932.175#2932.414
191	да	да	CCONJ	_	_	_	_	_	@isn1982m-words#@isn1982m#2932.414#2932.653
192	кто	кто	PRON	_	Case=Nom	_	_	_	@isn1982m-words#@isn1982m#2932.653#2932.892
193	/	/	PUNCT	_	_	_	_	_	@isn1982m-words#@isn1982m#2932.892#2933.131
194	кто	кто	PRON	_	Case=Nom	_	_	_	@isn1982m-words#@isn1982m#2933.131#2933.37
195	смотрит	смотреть	VERB	_	Aspect=Imp|Mood=Ind|Number=Sing|Person=3|Tense=Pres|VerbForm=Fin|Voice=Act	_	_	_	@isn1982m-words#@isn1982m#2933.37#2933.609
196	на	на	ADP	_	_	_	_	_	@isn1982m-words#@isn1982m#2933.609#2933.848
197	нас	мы	PRON	_	Case=Acc|Number=Plur|Person=1	_	_	_	@isn1982m-words#@isn1982m#2933.848#2934.087
198	со	со	ADP	_	_	_	_	_	@isn1982m-words#@isn1982m#2934.087#2934.326
199	стороны	сторона	NOUN	_	Animacy=Inan|Case=Gen|Gender=Fem|Number=Sing	_	_	_	@isn1982m-words#@isn1982m#2934.326#2934.565
200	/	/	PUNCT	_	_	_	_	_	@isn1982m-words#@isn1982m#2934.565#2934.804
201	тот	тот	DET	_	Case=Nom|Gender=Masc|Number=Sing	_	_	_	@isn1982m-words#@isn1982m#2934.804#2935.043
202	пусть	пусть	PART	_	_	_	_	_	@isn1982m-words#@isn1982m#2935.043#2935.282
203	раздаёт	раздавать	VERB	_	Aspect=Imp|Mood=Ind|Number=Sing|Person=3|Tense=Pres|VerbForm=Fin|Voice=Act	_	_	_	@isn1982m-words#@isn1982m#2935.282#2935.521
204	расценки	расценка	NOUN	_	Animacy=Inan|Case=Acc|Gender=Fem|Number=Plur	_	_	_	@isn1982m-words#@isn1982m#2935.521#2935.76
205	я	я	PRON	_	Case=Nom|Number=Sing|Person=1	_	_	_	@isn1982m-words#@isn1982m#2935.76#2935.999
206	их	они	PRON	_	Case=Acc|Number=Plur|Person=3	_	_	_	@isn1982m-words#@isn1982m#2935.999#2936.238
207	не	не	PART	_	_	_	_	_	@isn1982m-words#@isn1982m#2936.238#2936.477
208	раздаю	раздавать	VERB	_	Aspect=Imp|Mood=Ind|Number=Sing|Person=1|Tense=Pres|VerbForm=Fin|Voice=Act	_	_	_	@isn1982m-words#@isn1982m#2936.477#2936.72
209	давайте	давать	VERB	_	Aspect=Imp|Mood=Imp|Number=Plur|Person=2|VerbForm=Fin|Voice=Act	_	_	_	@isn1982m-words#@isn1982m#2937.3#2937.613
210	так	так	ADV	_	Degree=Pos	_	_	_	@isn1982m-words#@isn1982m#2937.613#2937.926
211	вот	вот	PART	_	_	_	_	_	@isn1982m-words#@isn1982m#2937.926#2938.239
212	/	/	PUNCT	_	_	_	_	_	@isn1982m-words#@isn1982m#2938.239#2938.552
213	мой	мой	DET	_	Case=Nom|Gender=Masc|Number=Sing	_	_	_	@isn1982m-words#@isn1982m#2938.552#2938.865
214	самый	самый	ADJ	_	Case=Nom|Degree=Pos|Gender=Masc|Number=Sing	_	_	_	@isn1982m-words#@isn1982m#2938.865#2939.178
215	любимый	любимый	NOUN	_	Animacy=Anim|Case=Nom|Gender=Masc|Number=Sing	_	_	_	@isn1982m-words#@isn1982m#2939.178#2939.491
216	/	/	PUNCT	_	_	_	_	_	@isn1982m-words#@isn1982m#2939.491#2939.804
217	аа	ао	NOUN	_	Animacy=Inan|Case=Nom|Gender=Fem|Number=Sing	_	_	_	@isn1982m-words#@isn1982m#2939.804#2940.117
218	/	/	PUNCT	_	_	_	_	_	@isn1982m-words#@isn1982m#2940.117#2940.43
219	значит	значить	ADV	_	Degree=Pos	_	_	_	@isn1982m-words#@isn1982m#2940.43#2940.75
220	такой	такой	DET	_	Case=Nom|Gender=Masc|Number=Sing	_	_	_	@isn1982m-words#@isn1982m#2941.39#2941.667
221	/	/	PUNCT	_	_	_	_	_	@isn1982m-words#@isn1982m#2941.667#2941.944
222	динозавр	динозавр	NOUN	_	Animacy=Anim|Case=Nom|Gender=Masc|Number=Sing	_	_	_	@isn1982m-words#@isn1982m#2941.944#2942.221
223	/	/	PUNCT	_	_	_	_	_	@isn1982m-words#@isn1982m#2942.221#2942.498
224	это	это	PRON	_	Animacy=Inan|Case=Nom|Gender=Neut|Number=Sing	_	_	_	@isn1982m-words#@isn1982m#2942.498#2942.775
225	Фёдор	Фёдор	PROPN	_	Animacy=Anim|Case=Nom|Gender=Masc|Number=Sing	_	_	_	@isn1982m-words#@isn1982m#2942.775#2943.052
226	Двинятин	Двинятин	PROPN	_	Animacy=Anim|Case=Nom|Gender=Masc|Number=Sing	_	_	_	@isn1982m-words#@isn1982m#2943.052#2943.33
227	там	там	ADV	_	Degree=Pos	_	_	_	@isn1982m-words#@isn1982m#2946.12#2946.318
228	/	/	PUNCT	_	_	_	_	_	@isn1982m-words#@isn1982m#2946.318#2946.516
229	топ-три	топ-три	ADV	_	Degree=Pos	_	_	_	@isn1982m-words#@isn1982m#2946.516#2946.714
230	уже	уже	ADV	_	Degree=Pos	_	_	_	@isn1982m-words#@isn1982m#2946.714#2946.912
231	не	не	PART	_	_	_	_	_	@isn1982m-words#@isn1982m#2946.912#2947.11
232	будет	быть	VERB	_	Aspect=Imp|Mood=Ind|Number=Sing|Person=3|Tense=Pres|VerbForm=Fin|Voice=Act	_	_	_	@isn1982m-words#@isn1982m#2947.11#2947.31
233	он…	он…	PUNCT	_	_	_	_	_	@isn1982m-words#@isn1982m#2949.19#2949.9
234	ну	ну	PART	_	_	_	_	_	@isn1982m-words#@isn1982m#2950.31#2950.491
235	во-первых	во-первых	ADV	_	Degree=Pos	_	_	_	@isn1982m-words#@isn1982m#2950.491#2950.672
236	он	он	PRON	_	Case=Nom|Gender=Masc|Number=Sing|Person=3	_	_	_	@isn1982m-words#@isn1982m#2950.672#2950.853
237	не	не	PART	_	_	_	_	_	@isn1982m-words#@isn1982m#2950.853#2951.034
238	от	от	ADP	_	_	_	_	_	@isn1982m-words#@isn1982m#2951.034#2951.215
239	мира	мир	NOUN	_	Animacy=Inan|Case=Gen|Gender=Masc|Number=Sing	_	_	_	@isn1982m-words#@isn1982m#2951.215#2951.396
240	сего	се	DET	_	Case=Gen|Gender=Masc|Number=Sing	_	_	_	@isn1982m-words#@isn1982m#2951.396#2951.577
241	абсолютно	абсолютно	ADV	_	Degree=Pos	_	_	_	@isn1982m-words#@isn1982m#2951.577#2951.76
242	и	и	CCONJ	_	_	_	_	_	@isn1982m-words#@isn1982m#2952.87#2953.116
243	как…	как…	PUNCT	_	_	_	_	_	@isn1982m-words#@isn1982m#2953.116#2953.362
244	/	/	PUNCT	_	_	_	_	_	@isn1982m-words#@isn1982m#2953.362#2953.608
245	аа	ао	NOUN	_	Animacy=Inan|Case=Nom|Gender=Fem|Number=Sing	_	_	_	@isn1982m-words#@isn1982m#2953.608#2953.854
246	/	/	PUNCT	_	_	_	_	_	@isn1982m-words#@isn1982m#2953.854#2954.1
247	как	как	SCONJ	_	_	_	_	_	@isn1982m-words#@isn1982m#2954.1#2954.346
248	ус…	ус…	PUNCT	_	_	_	_	_	@isn1982m-words#@isn1982m#2954.346#2954.592
249	устроены	устроить	VERB	_	Aspect=Perf|Number=Plur|Tense=Past|Variant=Short|VerbForm=Part|Voice=Pass	_	_	_	@isn1982m-words#@isn1982m#2954.592#2954.838
250	мозги	мозг	NOUN	_	Animacy=Inan|Case=Nom|Gender=Masc|Number=Plur	_	_	_	@isn1982m-words#@isn1982m#2954.838#2955.084
251	у	у	ADP	_	_	_	_	_	@isn1982m-words#@isn1982m#2955.084#2955.33
252	/	/	PUNCT	_	_	_	_	_	@isn1982m-words#@isn1982m#2955.33#2955.576
253	у	у	ADP	_	_	_	_	_	@isn1982m-words#@isn1982m#2955.576#2955.822
254	других	другой	ADJ	_	Case=Gen|Degree=Pos|Number=Plur	_	_	_	@isn1982m-words#@isn1982m#2955.822#2956.068
255	людей	человек	NOUN	_	Animacy=Anim|Case=Gen|Gender=Masc|Number=Plur	_	_	_	@isn1982m-words#@isn1982m#2956.068#2956.314
256	я	я	PRON	_	Case=Nom|Number=Sing|Person=1	_	_	_	@isn1982m-words#@isn1982m#2956.314#2956.56
257	более-менее	более-менее	ADV	_	Degree=Pos	_	_	_	@isn1982m-words#@isn1982m#2956.56#2956.806
258	понимаю	понимать	VERB	_	Aspect=Imp|Mood=Ind|Number=Sing|Person=1|Tense=Pres|VerbForm=Fin|Voice=Act	_	_	_	@isn1982m-words#@isn1982m#2956.806#2957.052
259	потому что	потому что	NOUN	_	Animacy=Inan|Case=Acc|Gender=Neut|Number=Sing	_	_	_	@isn1982m-words#@isn1982m#2957.052#2957.298
260	у	у	ADP	_	_	_	_	_	@isn1982m-words#@isn1982m#2957.544#2957.79
261	меня	я	PRON	_	Case=Gen|Number=Sing|Person=1	_	_	_	@isn1982m-words#@isn1982m#2957.79#2958.036
262	они	они	PRON	_	Case=Nom|Number=Plur|Person=3	_	_	_	@isn1982m-words#@isn1982m#2958.036#2958.282
263	устроены	устроить	VERB	_	Aspect=Perf|Number=Plur|Tense=Past|Variant=Short|VerbForm=Part|Voice=Pass	_	_	_	@isn1982m-words#@isn1982m#2958.282#2958.528
264	точно	точно	ADV	_	Degree=Pos	_	_	_	@isn1982m-words#@isn1982m#2958.528#2958.774
265	так	так	ADV	_	Degree=Pos	_	_	_	@isn1982m-words#@isn1982m#2958.774#2959.02
266	же	же	PART	_	_	_	_	_	@isn1982m-words#@isn1982m#2959.02#2959.29
267	с	с	ADP	_	_	_	_	_	@isn1982m-words#@isn1982m#2960.2#2960.408
268	поправками	поправка	NOUN	_	Animacy=Inan|Case=Ins|Gender=Fem|Number=Plur	_	_	_	@isn1982m-words#@isn1982m#2960.408#2960.616
269	/	/	PUNCT	_	_	_	_	_	@isn1982m-words#@isn1982m#2960.616#2960.824
270	а	а	CCONJ	_	_	_	_	_	@isn1982m-words#@isn1982m#2960.824#2961.032
271	как	как	ADV	_	Degree=Pos	_	_	_	@isn1982m-words#@isn1982m#2961.032#2961.24
272	они	они	PRON	_	Case=Nom|Number=Plur|Person=3	_	_	_	@isn1982m-words#@isn1982m#2961.24#2961.448
273	устроены	устроить	VERB	_	Aspect=Perf|Number=Plur|Tense=Past|Variant=Short|VerbForm=Part|Voice=Pass	_	_	_	@isn1982m-words#@isn1982m#2961.448#2961.656
274	у	у	ADP	_	_	_	_	_	@isn1982m-words#@isn1982m#2961.656#2961.864
275	Двинятина	Двинятина	PROPN	_	Animacy=Anim|Case=Gen|Gender=Masc|Number=Sing	_	_	_	@isn1982m-words#@isn1982m#2961.864#2962.072
276	я	я	PRON	_	Case=Nom|Number=Sing|Person=1	_	_	_	@isn1982m-words#@isn1982m#2962.072#2962.28
277	не	не	PART	_	_	_	_	_	@isn1982m-words#@isn1982m#2962.28#2962.488
278	знаю	знать	VERB	_	Aspect=Imp|Mood=Ind|Number=Sing|Person=1|Tense=Pres|VerbForm=Fin|Voice=Act	_	_	_	@isn1982m-words#@isn1982m#2962.488#2962.7
279	ааа	аа	NOUN	_	Animacy=Inan|Case=Gen|Gender=Masc|Number=Sing	_	_	_	@isn1982m-words#@isn1982m#2964.23#2964.501
280	/	/	PUNCT	_	_	_	_	_	@isn1982m-words#@isn1982m#2964.501#2964.772
281	значит	значит	ADV	_	Degree=Pos	_	_	_	@isn1982m-words#@isn1982m#2964.772#2965.043
282	он	он	PRON	_	Case=Nom|Gender=Masc|Number=Sing|Person=3	_	_	_	@isn1982m-words#@isn1982m#2965.043#2965.314
283	/	/	PUNCT	_	_	_	_	_	@isn1982m-words#@isn1982m#2965.314#2965.585
284	смотрит	смотреть	VERB	_	Aspect=Imp|Mood=Ind|Number=Sing|Person=3|Tense=Pres|VerbForm=Fin|Voice=Act	_	_	_	@isn1982m-words#@isn1982m#2965.585#2965.856
285	куда-то…	куда-то…	PUNCT	_	_	_	_	_	@isn1982m-words#@isn1982m#2965.856#2966.127
286	/	/	PUNCT	_	_	_	_	_	@isn1982m-words#@isn1982m#2966.127#2966.398
287	в	в	ADP	_	_	_	_	_	@isn1982m-words#@isn1982m#2966.398#2966.669
288	/	/	PUNCT	_	_	_	_	_	@isn1982m-words#@isn1982m#2966.669#2966.94
289	в	в	ADP	_	_	_	_	_	@isn1982m-words#@isn1982m#2966.94#2967.211
290	какую-то	какой-то	DET	_	Case=Acc|Gender=Fem|Number=Sing	_	_	_	@isn1982m-words#@isn1982m#2967.211#2967.482
291	несуществующую	несуществующий	ADJ	_	Case=Acc|Degree=Pos|Gender=Fem|Number=Sing	_	_	_	@isn1982m-words#@isn1982m#2967.482#2967.753
292	точку	точка	NOUN	_	Animacy=Inan|Case=Acc|Gender=Fem|Number=Sing	_	_	_	@isn1982m-words#@isn1982m#2967.753#2968.024
293	сквозь	сквозь	ADP	_	_	_	_	_	@isn1982m-words#@isn1982m#2968.024#2968.295
294	свои	свой	DET	_	Case=Acc|Number=Plur	_	_	_	@isn1982m-words#@isn1982m#2968.295#2968.566
295	/	/	PUNCT	_	_	_	_	_	@isn1982m-words#@isn1982m#2968.566#2968.837
296	значит	значить	VERB	_	Aspect=Imp|Mood=Ind|Number=Sing|Person=3|Tense=Pres|VerbForm=Fin|Voice=Act	_	_	_	@isn1982m-words#@isn1982m#2968.837#2969.108
297	толстенные	толстенный	ADJ	_	Animacy=Inan|Case=Acc|Degree=Pos|Number=Plur	_	_	_	@isn1982m-words#@isn1982m#2969.108#2969.379
298	линзы	линза	NOUN	_	Animacy=Inan|Case=Acc|Gender=Masc|Number=Plur	_	_	_	@isn1982m-words#@isn1982m#2969.379#2969.65
299	/	/	PUNCT	_	_	_	_	_	@isn1982m-words#@isn1982m#2969.65#2969.921
300	и	и	CCONJ	_	_	_	_	_	@isn1982m-words#@isn1982m#2969.921#2970.192
301	там	там	ADV	_	Degree=Pos	_	_	_	@isn1982m-words#@isn1982m#2970.192#2970.463
302	чё-то	чё-то	ADV	_	Degree=Pos	_	_	_	@isn1982m-words#@isn1982m#2970.463#2970.734
303	видит	видеть	VERB	_	Aspect=Imp|Mood=Ind|Number=Sing|Person=3|Tense=Pres|VerbForm=Fin|Voice=Act	_	_	_	@isn1982m-words#@isn1982m#2970.734#2971.005
304	/	/	PUNCT	_	_	_	_	_	@isn1982m-words#@isn1982m#2971.005#2971.276
305	чего	что	PRON	_	Case=Gen	_	_	_	@isn1982m-words#@isn1982m#2971.276#2971.547
306	никто	никто	PRON	_	Case=Nom	_	_	_	@isn1982m-words#@isn1982m#2971.547#2971.818
307	другой	другой	ADJ	_	Case=Nom|Degree=Pos|Gender=Masc|Number=Sing	_	_	_	@isn1982m-words#@isn1982m#2971.818#2972.089
308	не	не	PART	_	_	_	_	_	@isn1982m-words#@isn1982m#2972.089#2972.36
309	видит	видеть	VERB	_	Aspect=Imp|Mood=Ind|Number=Sing|Person=3|Tense=Pres|VerbForm=Fin|Voice=Act	_	_	_	@isn1982m-words#@isn1982m#2972.36#2972.64
310	мне	я	PRON	_	Case=Dat|Number=Sing|Person=1	_	_	_	@isn1982m-words#@isn1982m#2973.49#2973.772
311	это	это	PRON	_	Animacy=Inan|Case=Nom|Gender=Neut|Number=Sing	_	_	_	@isn1982m-words#@isn1982m#2973.772#2974.054
312	кажется	казаться	VERB	_	Aspect=Imp|Mood=Ind|Number=Sing|Person=3|Tense=Pres|VerbForm=Fin|Voice=Mid	_	_	_	@isn1982m-words#@isn1982m#2974.054#2974.336
313	интересным	интересный	ADJ	_	Case=Ins|Degree=Pos|Gender=Neut|Number=Sing	_	_	_	@isn1982m-words#@isn1982m#2974.336#2974.62
314	но	но	CCONJ	_	_	_	_	_	@isn1982m-words#@isn1982m#2975.38#2975.571
315	опять	опять	ADV	_	Degree=Pos	_	_	_	@isn1982m-words#@isn1982m#2975.571#2975.762
316	же	же	PART	_	_	_	_	_	@isn1982m-words#@isn1982m#2975.762#2975.953
317	/	/	PUNCT	_	_	_	_	_	@isn1982m-words#@isn1982m#2975.953#2976.144
318	мы	мы	PRON	_	Case=Nom|Number=Plur|Person=1	_	_	_	@isn1982m-words#@isn1982m#2976.144#2976.335
319	с	с	ADP	_	_	_	_	_	@isn1982m-words#@isn1982m#2976.335#2976.526
320	ним	он	PRON	_	Case=Ins|Gender=Masc|Number=Sing|Person=3	_	_	_	@isn1982m-words#@isn1982m#2976.526#2976.717
321	тоже	тоже	PART	_	_	_	_	_	@isn1982m-words#@isn1982m#2976.717#2976.908
322	практически	практически	ADV	_	Degree=Pos	_	_	_	@isn1982m-words#@isn1982m#2976.908#2977.099
323	разминулись	разминуться	VERB	_	Aspect=Perf|Mood=Ind|Number=Plur|Tense=Past|VerbForm=Fin|Voice=Mid	_	_	_	@isn1982m-words#@isn1982m#2977.099#2977.29
324	ээ	ээ	NOUN	_	Animacy=Inan|Case=Nom|Gender=Neut|Number=Sing	_	_	_	@isn1982m-words#@isn1982m#2977.62#2977.913
325	/	/	PUNCT	_	_	_	_	_	@isn1982m-words#@isn1982m#2977.913#2978.206
326	я	я	PRON	_	Case=Nom|Number=Sing|Person=1	_	_	_	@isn1982m-words#@isn1982m#2978.206#2978.499
327	/	/	PUNCT	_	_	_	_	_	@isn1982m-words#@isn1982m#2978.499#2978.792
328	пришёл	прийти	VERB	_	Aspect=Perf|Gender=Masc|Mood=Ind|Number=Sing|Tense=Past|VerbForm=Fin|Voice=Act	_	_	_	@isn1982m-words#@isn1982m#2978.792#2979.085
329	/	/	PUNCT	_	_	_	_	_	@isn1982m-words#@isn1982m#2979.085#2979.378
330	в	в	ADP	_	_	_	_	_	@isn1982m-words#@isn1982m#2979.378#2979.671
331	чтогдекогда	чтогдекогд	ADV	_	Degree=Pos	_	_	_	@isn1982m-words#@isn1982m#2979.671#2979.964
332	/	/	PUNCT	_	_	_	_	_	@isn1982m-words#@isn1982m#2979.964#2980.257
333	в	в	ADP	_	_	_	_	_	@isn1982m-words#@isn1982m#2980.257#2980.55
334	две	два	NUM	_	Animacy=Inan|Case=Acc|Gender=Fem	_	_	_	@isn1982m-words#@isn1982m#2980.55#2980.843
335	тысячи	тысяча	NOUN	_	Animacy=Inan|Case=Gen|Gender=Fem|Number=Sing	_	_	_	@isn1982m-words#@isn1982m#2980.843#2981.136
336	втором	второй	ADJ	_	Case=Loc|Degree=Pos|Gender=Masc|Number=Sing	_	_	_	@isn1982m-words#@isn1982m#2981.136#2981.429
337	году	год	NOUN	_	Animacy=Inan|Case=Loc|Gender=Masc|Number=Sing	_	_	_	@isn1982m-words#@isn1982m#2981.429#2981.722
338	/	/	PUNCT	_	_	_	_	_	@isn1982m-words#@isn1982m#2981.722#2982.015
339	а	а	CCONJ	_	_	_	_	_	@isn1982m-words#@isn1982m#2982.015#2982.308
340	он	он	PRON	_	Case=Nom|Gender=Masc|Number=Sing|Person=3	_	_	_	@isn1982m-words#@isn1982m#2982.308#2982.601
341	ушёл	уйти	VERB	_	Aspect=Perf|Gender=Masc|Mood=Ind|Number=Sing|Tense=Past|VerbForm=Fin|Voice=Act	_	_	_	@isn1982m-words#@isn1982m#2982.601#2982.894
342	в	в	ADP	_	_	_	_	_	@isn1982m-words#@isn1982m#2982.894#2983.187
343	две	два	NUM	_	Animacy=Inan|Case=Acc|Gender=Fem	_	_	_	@isn1982m-words#@isn1982m#2983.187#2983.48
344	тысячи	тысяча	NOUN	_	Animacy=Inan|Case=Gen|Gender=Fem|Number=Sing	_	_	_	@isn1982m-words#@isn1982m#2983.48#2983.773
345	пятом	пят	NOUN	_	Animacy=Inan|Case=Ins|Gender=Masc|Number=Sing	_	_	_	@isn1982m-words#@isn1982m#2983.773#2984.07
346	то есть	то есть	NOUN	_	Animacy=Inan|Case=Acc|Gender=Fem|Number=Sing	_	_	_	@isn1982m-words#@isn1982m#2985.52#2985.768
347	я	я	PRON	_	Case=Nom|Number=Sing|Person=1	_	_	_	@isn1982m-words#@isn1982m#2986.016#2986.264
348	его	он	PRON	_	Case=Acc|Gender=Masc|Number=Sing|Person=3	_	_	_	@isn1982m-words#@isn1982m#2986.264#2986.512
349	тоже	тоже	PART	_	_	_	_	_	@isn1982m-words#@isn1982m#2986.512#2986.76
350	скорее	скорее	ADV	_	Degree=Pos	_	_	_	@isn1982m-words#@isn1982m#2986.76#2987.008
351	знаю	знать	VERB	_	Aspect=Imp|Mood=Ind|Number=Sing|Person=1|Tense=Pres|VerbForm=Fin|Voice=Act	_	_	_	@isn1982m-words#@isn1982m#2987.008#2987.256
352	как	как	ADV	_	Degree=Pos	_	_	_	@isn1982m-words#@isn1982m#2987.256#2987.504
353	/	/	PUNCT	_	_	_	_	_	@isn1982m-words#@isn1982m#2987.504#2987.752
354	ээ	ээ	INTJ	_	_	_	_	_	@isn1982m-words#@isn1982m#2987.752#2988.0
355	/	/	PUNCT	_	_	_	_	_	@isn1982m-words#@isn1982m#2988.0#2988.248
356	как	как	SCONJ	_	_	_	_	_	@isn1982m-words#@isn1982m#2988.248#2988.496
357	зритель	зритель	NOUN	_	Animacy=Anim|Case=Nom|Gender=Masc|Number=Sing	_	_	_	@isn1982m-words#@isn1982m#2988.496#2988.744
358	/	/	PUNCT	_	_	_	_	_	@isn1982m-words#@isn1982m#2988.744#2988.992
359	а	а	CCONJ	_	_	_	_	_	@isn1982m-words#@isn1982m#2988.992#2989.24
360	не	не	PART	_	_	_	_	_	@isn1982m-words#@isn1982m#2989.24#2989.488
361	как	как	ADV	_	Degree=Pos	_	_	_	@isn1982m-words#@isn1982m#2989.488#2989.736
362	/	/	PUNCT	_	_	_	_	_	@isn1982m-words#@isn1982m#2989.736#2989.984
363	значит	значит	ADV	_	Degree=Pos	_	_	_	@isn1982m-words#@isn1982m#2989.984#2990.232
364	/	/	PUNCT	_	_	_	_	_	@isn1982m-words#@isn1982m#2990.232#2990.48
365	товарищ	товарищ	NOUN	_	Animacy=Anim|Case=Nom|Gender=Masc|Number=Sing	_	_	_	@isn1982m-words#@isn1982m#2990.48#2990.728
366	по	по	ADP	_	_	_	_	_	@isn1982m-words#@isn1982m#2990.728#2990.976
367	оружию	оружие	NOUN	_	Animacy=Inan|Case=Dat|Gender=Neut|Number=Sing	_	_	_	@isn1982m-words#@isn1982m#2990.976#2991.23
368	ну	ну	PART	_	_	_	_	_	@isn1982m-words#@isn1982m#3005.93#3006.159
369	/	/	PUNCT	_	_	_	_	_	@isn1982m-words#@isn1982m#3006.159#3006.388
370	есть	быть	VERB	_	Aspect=Imp|Mood=Ind|Number=Plur|Person=3|Tense=Pres|VerbForm=Fin|Voice=Act	_	_	_	@isn1982m-words#@isn1982m#3006.388#3006.617
371	некие	некой	ADJ	_	Case=Nom|Degree=Pos|Number=Plur	_	_	_	@isn1982m-words#@isn1982m#3006.617#3006.846
372	на	на	ADP	_	_	_	_	_	@isn1982m-words#@isn1982m#3006.846#3007.075
373	этот	этот	DET	_	Case=Acc|Gender=Masc|Number=Sing	_	_	_	@isn1982m-words#@isn1982m#3007.075#3007.304
374	счёт	счет	VERB	_	Aspect=Imp|Mood=Ind|Number=Sing|Person=3|Tense=Pres|VerbForm=Fin|Voice=Act	_	_	_	@isn1982m-words#@isn1982m#3007.304#3007.533
375	слухи	слух	NOUN	_	Animacy=Inan|Case=Acc|Gender=Masc|Number=Plur	_	_	_	@isn1982m-words#@isn1982m#3007.533#3007.762
376	/	/	PUNCT	_	_	_	_	_	@isn1982m-words#@isn1982m#3007.762#3007.991
377	я	я	PRON	_	Case=Nom|Number=Sing|Person=1	_	_	_	@isn1982m-words#@isn1982m#3007.991#3008.22
378	знаю	знать	VERB	_	Aspect=Imp|Mood=Ind|Number=Sing|Person=1|Tense=Pres|VerbForm=Fin|Voice=Act	_	_	_	@isn1982m-words#@isn1982m#3008.22#3008.449
379	что	что	PRON	_	Case=Nom	_	_	_	@isn1982m-words#@isn1982m#3008.449#3008.678
380	он…	он…	PUNCT	_	_	_	_	_	@isn1982m-words#@isn1982m#3008.678#3008.907
381	/	/	PUNCT	_	_	_	_	_	@isn1982m-words#@isn1982m#3008.907#3009.136
382	я	я	PRON	_	Case=Nom|Number=Sing|Person=1	_	_	_	@isn1982m-words#@isn1982m#3009.136#3009.365
383	не	не	PART	_	_	_	_	_	@isn1982m-words#@isn1982m#3009.365#3009.594
384	знаю	знать	VERB	_	Aspect=Imp|Mood=Ind|Number=Sing|Person=1|Tense=Pres|VerbForm=Fin|Voice=Act	_	_	_	@isn1982m-words#@isn1982m#3009.594#3009.823
385	почему	почему	ADV	_	Degree=Pos	_	_	_	@isn1982m-words#@isn1982m#3009.823#3010.052
386	он	он	PRON	_	Case=Nom|Gender=Masc|Number=Sing|Person=3	_	_	_	@isn1982m-words#@isn1982m#3010.052#3010.281
387	решил	решить	VERB	_	Aspect=Perf|Gender=Masc|Mood=Ind|Number=Sing|Tense=Past|VerbForm=Fin|Voice=Act	_	_	_	@isn1982m-words#@isn1982m#3010.281#3010.51
388	/	/	PUNCT	_	_	_	_	_	@isn1982m-words#@isn1982m#3010.51#3010.739
389	уйти	уйти	VERB	_	Aspect=Perf|VerbForm=Inf|Voice=Act	_	_	_	@isn1982m-words#@isn1982m#3010.739#3010.968
390	/	/	PUNCT	_	_	_	_	_	@isn1982m-words#@isn1982m#3010.968#3011.197
391	а	а	CCONJ	_	_	_	_	_	@isn1982m-words#@isn1982m#3011.197#3011.426
392	знаю	знать	VERB	_	Aspect=Imp|Mood=Ind|Number=Sing|Person=1|Tense=Pres|VerbForm=Fin|Voice=Act	_	_	_	@isn1982m-words#@isn1982m#3011.426#3011.655
393	/	/	PUNCT	_	_	_	_	_	@isn1982m-words#@isn1982m#3011.655#3011.884
394	что	что	SCONJ	_	_	_	_	_	@isn1982m-words#@isn1982m#3011.884#3012.113
395	он	он	PRON	_	Case=Nom|Gender=Masc|Number=Sing|Person=3	_	_	_	@isn1982m-words#@isn1982m#3012.113#3012.342
396	не	не	PART	_	_	_	_	_	@isn1982m-words#@isn1982m#3012.342#3012.571
397	хочет	хотеть	VERB	_	Aspect=Imp|Mood=Ind|Number=Sing|Person=3|Tense=Pres|VerbForm=Fin|Voice=Act	_	_	_	@isn1982m-words#@isn1982m#3012.571#3012.8
398	возвращаться	возвращаться	VERB	_	Aspect=Imp|VerbForm=Inf|Voice=Mid	_	_	_	@isn1982m-words#@isn1982m#3012.8#3013.029
399	/	/	PUNCT	_	_	_	_	_	@isn1982m-words#@isn1982m#3013.029#3013.258
400	что	что	SCONJ	_	_	_	_	_	@isn1982m-words#@isn1982m#3013.258#3013.487
401	его	он	PRON	_	Case=Acc|Gender=Masc|Number=Sing|Person=3	_	_	_	@isn1982m-words#@isn1982m#3013.487#3013.716
402	много	много	ADV	_	Degree=Pos	_	_	_	@isn1982m-words#@isn1982m#3013.716#3013.945
403	раз	раз	NOUN	_	Animacy=Inan|Case=Acc|Gender=Masc|Number=Sing	_	_	_	@isn1982m-words#@isn1982m#3013.945#3014.174
404	просили	просить	VERB	_	Aspect=Imp|Mood=Ind|Number=Plur|Tense=Past|VerbForm=Fin|Voice=Act	_	_	_	@isn1982m-words#@isn1982m#3014.174#3014.41
405	но	но	ADV	_	Degree=Pos	_	_	_	@isn1982m-words#@isn1982m#3015.0#3015.25
406	/	/	PUNCT	_	_	_	_	_	@isn1982m-words#@isn1982m#3015.25#3015.5
407	по	по	ADP	_	_	_	_	_	@isn1982m-words#@isn1982m#3015.5#3015.75
408	его	его	DET	_	_	_	_	_	@isn1982m-words#@isn1982m#3015.75#3016.0
409	словам	слово	NOUN	_	Animacy=Inan|Case=Dat|Gender=Neut|Number=Plur	_	_	_	@isn1982m-words#@isn1982m#3016.0#3016.25
410	ему	он	PRON	_	Case=Dat|Gender=Masc|Number=Sing|Person=3	_	_	_	@isn1982m-words#@isn1982m#3016.25#3016.5
411	это	это	PRON	_	Animacy=Inan|Case=Nom|Gender=Neut|Number=Sing	_	_	_	@isn1982m-words#@isn1982m#3016.5#3016.75
412	неинтересно	неинтересный	ADJ	_	Degree=Pos|Gender=Neut|Number=Sing|Variant=Short	_	_	_	@isn1982m-words#@isn1982m#3016.75#3017.0
413	мне	я	PRON	_	Case=Dat|Number=Sing|Person=1	_	_	_	@isn1982m-words#@isn1982m#3018.69#3018.92
414	кажется	казаться	VERB	_	Aspect=Imp|Mood=Ind|Number=Sing|Person=3|Tense=Pres|VerbForm=Fin|Voice=Mid	_	_	_	@isn1982m-words#@isn1982m#3018.92#3019.15
415	это	это	PRON	_	Animacy=Inan|Case=Nom|Gender=Neut|Number=Sing	_	_	_	@isn1982m-words#@isn1982m#3019.15#3019.38
416	/	/	PUNCT	_	_	_	_	_	@isn1982m-words#@isn1982m#3019.38#3019.61
417	обидно	обидный	ADJ	_	Degree=Pos|Gender=Neut|Number=Sing|Variant=Short	_	_	_	@isn1982m-words#@isn1982m#3019.61#3019.84
418	/	/	PUNCT	_	_	_	_	_	@isn1982m-words#@isn1982m#3019.84#3020.07
419	я	я	PRON	_	Case=Nom|Number=Sing|Person=1	_	_	_	@isn1982m-words#@isn1982m#3020.07#3020.3
420	бы	бы	AUX	_	_	_	_	_	@isn1982m-words#@isn1982m#3020.3#3020.53
421	ещё	еще	ADV	_	Degree=Pos	_	_	_	@isn1982m-words#@isn1982m#3020.53#3020.76
422	на	на	ADP	_	_	_	_	_	@isn1982m-words#@isn1982m#3020.76#3020.99
423	него	он	PRON	_	Case=Acc|Gender=Masc|Number=Sing|Person=3	_	_	_	@isn1982m-words#@isn1982m#3020.99#3021.22
424	с	с	ADP	_	_	_	_	_	@isn1982m-words#@isn1982m#3021.22#3021.45
425	удовольствием	удовольствие	NOUN	_	Animacy=Inan|Case=Ins|Gender=Neut|Number=Sing	_	_	_	@isn1982m-words#@isn1982m#3021.45#3021.68
426	посмотрел	смотреть	VERB	_	Aspect=Perf|Gender=Masc|Mood=Ind|Number=Sing|Tense=Past|VerbForm=Fin|Voice=Act	_	_	_	@isn1982m-words#@isn1982m#3021.68#3021.92
427	аа	ао	NOUN	_	Animacy=Inan|Case=Gen|Gender=Masc|Number=Sing	_	_	_	@isn1982m-words#@isn1982m#3025.7#3025.991
428	нет	нет	VERB	_	Aspect=Imp|Mood=Ind|Number=Sing|Person=3|Tense=Pres|VerbForm=Fin|Voice=Act	_	_	_	@isn1982m-words#@isn1982m#3025.991#3026.282
429	/	/	PUNCT	_	_	_	_	_	@isn1982m-words#@isn1982m#3026.282#3026.573
430	и	и	CCONJ	_	_	_	_	_	@isn1982m-words#@isn1982m#3026.573#3026.864
431	/	/	PUNCT	_	_	_	_	_	@isn1982m-words#@isn1982m#3026.864#3027.155
432	ну	ну	PART	_	_	_	_	_	@isn1982m-words#@isn1982m#3027.155#3027.446
433	точнее	точно	ADV	_	Degree=Cmp	_	_	_	@isn1982m-words#@isn1982m#3027.446#3027.737
434	как	как	SCONJ	_	_	_	_	_	@isn1982m-words#@isn1982m#3027.737#3028.028
435	/	/	PUNCT	_	_	_	_	_	@isn1982m-words#@isn1982m#3028.028#3028.319
436	меня	я	PRON	_	Case=Acc|Number=Sing|Person=1	_	_	_	@isn1982m-words#@isn1982m#3028.319#3028.61
437	постоянно	постоянно	ADV	_	Degree=Pos	_	_	_	@isn1982m-words#@isn1982m#3028.61#3028.901
438	спрашивают	спрашивать	VERB	_	Aspect=Imp|Mood=Ind|Number=Plur|Person=3|Tense=Pres|VerbForm=Fin|Voice=Act	_	_	_	@isn1982m-words#@isn1982m#3028.901#3029.192
439	/	/	PUNCT	_	_	_	_	_	@isn1982m-words#@isn1982m#3029.192#3029.483
440	значит	значить	ADV	_	Degree=Pos	_	_	_	@isn1982m-words#@isn1982m#3029.483#3029.774
441	когда	когда	SCONJ	_	_	_	_	_	@isn1982m-words#@isn1982m#3029.774#3030.065
442	вернётесь	вернёться	VERB	_	Aspect=Imp|Mood=Ind|Number=Plur|Person=2|Tense=Pres|VerbForm=Fin|Voice=Mid	_	_	_	@isn1982m-words#@isn1982m#3030.065#3030.356
443	когда	когда	SCONJ	_	_	_	_	_	@isn1982m-words#@isn1982m#3030.356#3030.647
444	вернётесь	вернёться	VERB	_	Aspect=Imp|Mood=Ind|Number=Plur|Person=2|Tense=Pres|VerbForm=Fin|Voice=Mid	_	_	_	@isn1982m-words#@isn1982m#3030.647#3030.938
445	я	я	PRON	_	Case=Nom|Number=Sing|Person=1	_	_	_	@isn1982m-words#@isn1982m#3030.938#3031.23
446	ээ	ээ	X	_	Foreign=Yes	_	_	_	@isn1982m-words#@isn1982m#3032.52#3032.851
447	устал	устать	VERB	_	Aspect=Perf|Gender=Masc|Mood=Ind|Number=Sing|Tense=Past|VerbForm=Fin|Voice=Act	_	_	_	@isn1982m-words#@isn1982m#3032.851#3033.182
448	объяснять	объяснять	VERB	_	Aspect=Imp|VerbForm=Inf|Voice=Act	_	_	_	@isn1982m-words#@isn1982m#3033.182#3033.513
449	что	что	PRON	_	Case=Acc	_	_	_	@isn1982m-words#@isn1982m#3033.513#3033.844
450	для	для	ADP	_	_	_	_	_	@isn1982m-words#@isn1982m#3033.844#3034.175
451	этого	это	PRON	_	Animacy=Inan|Case=Gen|Gender=Neut|Number=Sing	_	_	_	@isn1982m-words#@isn1982m#3034.175#3034.506
452	нет	нет	VERB	_	Aspect=Imp|Mood=Ind|Number=Sing|Person=3|Tense=Pres|VerbForm=Fin|Voice=Act	_	_	_	@isn1982m-words#@isn1982m#3034.506#3034.837
453	никаких	никакой	DET	_	Case=Gen|Number=Plur	_	_	_	@isn1982m-words#@isn1982m#3034.837#3035.168
454	предпосылок	предпосылка	NOUN	_	Animacy=Inan|Case=Gen|Gender=Fem|Number=Plur	_	_	_	@isn1982m-words#@isn1982m#3035.168#3035.5
455	потому что	потому что	SCONJ	_	_	_	_	_	@isn1982m-words#@isn1982m#3036.18#3036.501
456	я	я	PRON	_	Case=Nom|Number=Sing|Person=1	_	_	_	@isn1982m-words#@isn1982m#3036.822#3037.143
457	ушёл	уйти	VERB	_	Aspect=Perf|Gender=Masc|Mood=Ind|Number=Sing|Tense=Past|VerbForm=Fin|Voice=Act	_	_	_	@isn1982m-words#@isn1982m#3037.143#3037.464
458	в	в	ADP	_	_	_	_	_	@isn1982m-words#@isn1982m#3037.464#3037.785
459	шестнадцатом	шестнадцатый	ADJ	_	Case=Loc|Degree=Pos|Gender=Masc|Number=Sing	_	_	_	@isn1982m-words#@isn1982m#3037.785#3038.106
460	году	год	NOUN	_	Animacy=Inan|Case=Loc|Gender=Masc|Number=Sing	_	_	_	@isn1982m-words#@isn1982m#3038.106#3038.43
461	аа	ао	NOUN	_	Animacy=Inan|Case=Gen|Gender=Masc|Number=Sing	_	_	_	@isn1982m-words#@isn1982m#3040.26#3040.503
462	я	я	PRON	_	Case=Nom|Number=Sing|Person=1	_	_	_	@isn1982m-words#@isn1982m#3040.503#3040.746
463	ушёл	уйти	VERB	_	Aspect=Perf|Gender=Masc|Mood=Ind|Number=Sing|Tense=Past|VerbForm=Fin|Voice=Act	_	_	_	@isn1982m-words#@isn1982m#3040.746#3040.989
464	на	на	ADP	_	_	_	_	_	@isn1982m-words#@isn1982m#3040.989#3041.232
465	фоне	фон	NOUN	_	Animacy=Inan|Case=Loc|Gender=Masc|Number=Sing	_	_	_	@isn1982m-words#@isn1982m#3041.232#3041.475
466	/	/	PUNCT	_	_	_	_	_	@isn1982m-words#@isn1982m#3041.475#3041.718
467	того	то	PRON	_	Animacy=Inan|Case=Gen|Gender=Neut|Number=Sing	_	_	_	@isn1982m-words#@isn1982m#3041.718#3041.961
468	/	/	PUNCT	_	_	_	_	_	@isn1982m-words#@isn1982m#3041.961#3042.204
469	что	что	SCONJ	_	_	_	_	_	@isn1982m-words#@isn1982m#3042.204#3042.447
470	стало	стать	VERB	_	Aspect=Perf|Gender=Neut|Mood=Ind|Number=Sing|Tense=Past|VerbForm=Fin|Voice=Mid	_	_	_	@isn1982m-words#@isn1982m#3042.447#3042.69
471	невозможно	невозможный	ADJ	_	Degree=Pos|Gender=Neut|Number=Sing|Variant=Short	_	_	_	@isn1982m-words#@isn1982m#3042.69#3042.933
472	делать	делать	VERB	_	Aspect=Imp|VerbForm=Inf|Voice=Act	_	_	_	@isn1982m-words#@isn1982m#3042.933#3043.176
473	вид	вид	NOUN	_	Animacy=Inan|Case=Acc|Gender=Masc|Number=Sing	_	_	_	@isn1982m-words#@isn1982m#3043.176#3043.419
474	что	что	SCONJ	_	_	_	_	_	@isn1982m-words#@isn1982m#3043.419#3043.662
475	/	/	PUNCT	_	_	_	_	_	@isn1982m-words#@isn1982m#3043.662#3043.905
476	адвокат	адвокат	NOUN	_	Animacy=Anim|Case=Nom|Gender=Masc|Number=Sing	_	_	_	@isn1982m-words#@isn1982m#3043.905#3044.148
477	Новиков	Новиков	PROPN	_	Animacy=Anim|Case=Nom|Gender=Masc|Number=Sing	_	_	_	@isn1982m-words#@isn1982m#3044.148#3044.391
478	который	который	PRON	_	Case=Nom	_	_	_	@isn1982m-words#@isn1982m#3044.391#3044.634
479	защищает	защищать	VERB	_	Aspect=Imp|Mood=Ind|Number=Sing|Person=3|Tense=Pres|VerbForm=Fin|Voice=Act	_	_	_	@isn1982m-words#@isn1982m#3044.634#3044.877
480	врагов	враг	NOUN	_	Animacy=Anim|Case=Acc|Gender=Masc|Number=Plur	_	_	_	@isn1982m-words#@isn1982m#3044.877#3045.12
481	народа	народ	NOUN	_	Animacy=Inan|Case=Gen|Gender=Masc|Number=Sing	_	_	_	@isn1982m-words#@isn1982m#3045.12#3045.363
482	/	/	PUNCT	_	_	_	_	_	@isn1982m-words#@isn1982m#3045.363#3045.606
483	и	и	CCONJ	_	_	_	_	_	@isn1982m-words#@isn1982m#3045.606#3045.849
484	тот	тот	DET	_	Case=Nom|Gender=Masc|Number=Sing	_	_	_	@isn1982m-words#@isn1982m#3045.849#3046.092
485	Новиков	Новиков	PROPN	_	Animacy=Anim|Case=Nom|Gender=Masc|Number=Sing	_	_	_	@isn1982m-words#@isn1982m#3046.092#3046.335
486	/	/	PUNCT	_	_	_	_	_	@isn1982m-words#@isn1982m#3046.335#3046.578
487	который	который	PRON	_	Case=Nom	_	_	_	@isn1982m-words#@isn1982m#3046.578#3046.821
488	улыбается	улыбаться	VERB	_	Aspect=Imp|Mood=Ind|Number=Sing|Person=3|Tense=Pres|VerbForm=Fin|Voice=Mid	_	_	_	@isn1982m-words#@isn1982m#3046.821#3047.064
489	с	с	ADP	_	_	_	_	_	@isn1982m-words#@isn1982m#3047.064#3047.307
490	первого	первый	ADJ	_	Case=Gen|Degree=Pos|Gender=Masc|Number=Sing	_	_	_	@isn1982m-words#@isn1982m#3047.307#3047.55
491	канала	канал	NOUN	_	Animacy=Inan|Case=Gen|Gender=Masc|Number=Sing	_	_	_	@isn1982m-words#@isn1982m#3047.55#3047.793
492	это	это	PRON	_	Animacy=Inan|Case=Nom|Gender=Neut|Number=Sing	_	_	_	@isn1982m-words#@isn1982m#3047.793#3048.036
493	два	два	NUM	_	Case=Nom|Gender=Masc	_	_	_	@isn1982m-words#@isn1982m#3048.036#3048.279
494	/	/	PUNCT	_	_	_	_	_	@isn1982m-words#@isn1982m#3048.279#3048.522
495	не	не	PART	_	_	_	_	_	@isn1982m-words#@isn1982m#3048.522#3048.765
496	два	два	NUM	_	Case=Nom|Gender=Masc	_	_	_	@isn1982m-words#@isn1982m#3048.765#3049.008
497	разных	разный	ADJ	_	Case=Gen|Degree=Pos|Number=Plur	_	_	_	@isn1982m-words#@isn1982m#3049.008#3049.251
498	человека	человек	NOUN	_	Animacy=Anim|Case=Gen|Gender=Masc|Number=Sing	_	_	_	@isn1982m-words#@isn1982m#3049.251#3049.494
499	а	а	CCONJ	_	_	_	_	_	@isn1982m-words#@isn1982m#3049.494#3049.737
500	один	один	DET	_	Case=Nom|Degree=Pos|Gender=Masc|Number=Sing	_	_	_	@isn1982m-words#@isn1982m#3049.737#3049.98
501	и	и	CCONJ	_	_	_	_	_	@isn1982m-words#@isn1982m#3049.98#3050.223
502	тот	тот	DET	_	Case=Nom|Gender=Masc|Number=Sing	_	_	_	@isn1982m-words#@isn1982m#3050.223#3050.466
503	же	же	PART	_	_	_	_	_	@isn1982m-words#@isn1982m#3050.466#3050.73
504	и	и	PART	_	_	_	_	_	@isn1982m-words#@isn1982m#3052.11#3052.341
505	с	с	ADP	_	_	_	_	_	@isn1982m-words#@isn1982m#3052.341#3052.572
506	тех	тот	DET	_	Case=Gen|Number=Plur	_	_	_	@isn1982m-words#@isn1982m#3052.572#3052.803
507	пор	пора	NOUN	_	Animacy=Inan|Case=Gen|Gender=Fem|Number=Plur	_	_	_	@isn1982m-words#@isn1982m#3052.803#3053.034
508	ничего	ничто	PRON	_	Case=Gen	_	_	_	@isn1982m-words#@isn1982m#3053.034#3053.265
509	не	не	PART	_	_	_	_	_	@isn1982m-words#@isn1982m#3053.265#3053.496
510	поменялось	меняться	VERB	_	Aspect=Imp|Gender=Neut|Mood=Ind|Number=Sing|Tense=Past|VerbForm=Fin|Voice=Mid	_	_	_	@isn1982m-words#@isn1982m#3053.496#3053.727
511	я	я	PRON	_	Case=Nom|Number=Sing|Person=1	_	_	_	@isn1982m-words#@isn1982m#3053.727#3053.96
512	не	не	PART	_	_	_	_	_	@isn1982m-words#@isn1982m#3055.41#3055.783
513	могу	мочь	VERB	_	Aspect=Imp|Mood=Ind|Number=Sing|Person=1|Tense=Pres|VerbForm=Fin|Voice=Act	_	_	_	@isn1982m-words#@isn1982m#3055.783#3056.156
514	например	например	ADV	_	Degree=Pos	_	_	_	@isn1982m-words#@isn1982m#3056.156#3056.53
515	там	там	ADV	_	Degree=Pos	_	_	_	@isn1982m-words#@isn1982m#3057.83#3058.039
516	пойти	пойти	VERB	_	Aspect=Perf|VerbForm=Inf|Voice=Act	_	_	_	@isn1982m-words#@isn1982m#3058.039#3058.248
517	на	на	ADP	_	_	_	_	_	@isn1982m-words#@isn1982m#3058.248#3058.457
518	какой-то	какой-то	DET	_	Case=Acc|Gender=Masc|Number=Sing	_	_	_	@isn1982m-words#@isn1982m#3058.457#3058.666
519	компромисс	компромисс	NOUN	_	Animacy=Inan|Case=Acc|Gender=Masc|Number=Sing	_	_	_	@isn1982m-words#@isn1982m#3058.666#3058.875
520	и	и	CCONJ	_	_	_	_	_	@isn1982m-words#@isn1982m#3058.875#3059.084
521	сказать	сказать	VERB	_	Aspect=Perf|VerbForm=Inf|Voice=Act	_	_	_	@isn1982m-words#@isn1982m#3059.084#3059.293
522	что	что	PRON	_	Case=Acc	_	_	_	@isn1982m-words#@isn1982m#3059.293#3059.502
523	вот	вот	PART	_	_	_	_	_	@isn1982m-words#@isn1982m#3059.502#3059.711
524	знаете	знать	VERB	_	Aspect=Imp|Mood=Ind|Number=Plur|Person=2|Tense=Pres|VerbForm=Fin|Voice=Act	_	_	_	@isn1982m-words#@isn1982m#3059.711#3059.92
525	теперь	теперь	ADV	_	Degree=Pos	_	_	_	@isn1982m-words#@isn1982m#3059.92#3060.129
526	я	я	PRON	_	Case=Nom|Number=Sing|Person=1	_	_	_	@isn1982m-words#@isn1982m#3060.129#3060.338
527	больше	больше	ADV	_	Degree=Cmp	_	_	_	@isn1982m-words#@isn1982m#3060.338#3060.547
528	не	не	PART	_	_	_	_	_	@isn1982m-words#@isn1982m#3060.547#3060.756
529	буду	быть	AUX	_	Aspect=Imp|Mood=Ind|Number=Sing|Person=1|Tense=Pres|VerbForm=Fin|Voice=Act	_	_	_	@isn1982m-words#@isn1982m#3060.756#3060.965
530	ругать	ругать	VERB	_	Aspect=Imp|VerbForm=Inf|Voice=Act	_	_	_	@isn1982m-words#@isn1982m#3060.965#3061.174
531	начальство	начальство	NOUN	_	Animacy=Inan|Case=Acc|Gender=Neut|Number=Sing	_	_	_	@isn1982m-words#@isn1982m#3061.174#3061.39
532	или	или	CCONJ	_	_	_	_	_	@isn1982m-words#@isn1982m#3062.74#3062.97
533	теперь	теперь	ADV	_	Degree=Pos	_	_	_	@isn1982m-words#@isn1982m#3062.97#3063.2
534	я	я	PRON	_	Case=Nom|Number=Sing|Person=1	_	_	_	@isn1982m-words#@isn1982m#3063.2#3063.43
535	больше	больше	ADV	_	Degree=Cmp	_	_	_	@isn1982m-words#@isn1982m#3063.43#3063.66
536	не	не	PART	_	_	_	_	_	@isn1982m-words#@isn1982m#3063.66#3063.89
537	буду	быть	AUX	_	Aspect=Imp|Mood=Ind|Number=Sing|Person=1|Tense=Pres|VerbForm=Fin|Voice=Act	_	_	_	@isn1982m-words#@isn1982m#3063.89#3064.12
538	говорить	говорить	VERB	_	Aspect=Imp|VerbForm=Inf|Voice=Act	_	_	_	@isn1982m-words#@isn1982m#3064.12#3064.35
539	ничего	ничто	PRON	_	Case=Gen	_	_	_	@isn1982m-words#@isn1982m#3064.35#3064.58
540	неприятного	неприятный	ADJ	_	Case=Gen|Degree=Pos|Gender=Neut|Number=Sing	_	_	_	@isn1982m-words#@isn1982m#3064.58#3064.81
541	или	или	CCONJ	_	_	_	_	_	@isn1982m-words#@isn1982m#3064.81#3065.04
542	там	там	ADV	_	Degree=Pos	_	_	_	@isn1982m-words#@isn1982m#3065.04#3065.27
543	/	/	PUNCT	_	_	_	_	_	@isn1982m-words#@isn1982m#3065.27#3065.5
544	вести	вести	VERB	_	Aspect=Imp|VerbForm=Inf|Voice=Act	_	_	_	@isn1982m-words#@isn1982m#3065.5#3065.73
545	себя	себя	PRON	_	Case=Acc	_	_	_	@isn1982m-words#@isn1982m#3065.73#3065.96
546	неприятно	неприятный	ADJ	_	Degree=Pos|Gender=Neut|Number=Sing|Variant=Short	_	_	_	@isn1982m-words#@isn1982m#3065.96#3066.19
547	/	/	PUNCT	_	_	_	_	_	@isn1982m-words#@isn1982m#3066.19#3066.42
548	или	или	CCONJ	_	_	_	_	_	@isn1982m-words#@isn1982m#3066.42#3066.65
549	не	не	PART	_	_	_	_	_	@isn1982m-words#@isn1982m#3066.65#3066.88
550	буду	быть	AUX	_	Aspect=Imp|Mood=Ind|Number=Sing|Person=1|Tense=Pres|VerbForm=Fin|Voice=Act	_	_	_	@isn1982m-words#@isn1982m#3066.88#3067.11
551	там	там	ADV	_	Degree=Pos	_	_	_	@isn1982m-words#@isn1982m#3067.11#3067.34
552	ездить	ездить	VERB	_	Aspect=Imp|VerbForm=Inf|Voice=Act	_	_	_	@isn1982m-words#@isn1982m#3067.34#3067.57
553	в	в	ADP	_	_	_	_	_	@isn1982m-words#@isn1982m#3067.57#3067.8
554	Украину	Украина	PROPN	_	Animacy=Inan|Case=Acc|Gender=Fem|Number=Sing	_	_	_	@isn1982m-words#@isn1982m#3067.8#3068.03
555	/	/	PUNCT	_	_	_	_	_	@isn1982m-words#@isn1982m#3068.03#3068.26
556	и	и	CCONJ	_	_	_	_	_	@isn1982m-words#@isn1982m#3068.26#3068.49
557	прочее	прочий	ADJ	_	Case=Nom|Degree=Pos|Gender=Neut|Number=Sing	_	_	_	@isn1982m-words#@isn1982m#3068.49#3068.72
558	прочее	прочий	ADJ	_	Case=Nom|Degree=Pos|Gender=Neut|Number=Sing	_	_	_	@isn1982m-words#@isn1982m#3068.72#3068.95
559	прочее	прочий	ADJ	_	Case=Nom|Degree=Pos|Gender=Neut|Number=Sing	_	_	_	@isn1982m-words#@isn1982m#3068.95#3069.18
560	да	д	CCONJ	_	_	_	_	_	@isn1982m-words#@isn1982m#3069.18#3069.41
561	/	/	PUNCT	_	_	_	_	_	@isn1982m-words#@isn1982m#3069.41#3069.64
562	буду	быть	AUX	_	Aspect=Imp|Mood=Ind|Number=Sing|Person=1|Tense=Pres|VerbForm=Fin|Voice=Act	_	_	_	@isn1982m-words#@isn1982m#3069.64#3069.9
563	ну	ну	PART	_	_	_	_	_	@isn1982m-words#@isn1982m#3077.27#3077.484
564	вот	вот	PART	_	_	_	_	_	@isn1982m-words#@isn1982m#3077.484#3077.698
565	я	я	PRON	_	Case=Nom|Number=Sing|Person=1	_	_	_	@isn1982m-words#@isn1982m#3077.698#3077.912
566	выбираю	выбирать	VERB	_	Aspect=Imp|Mood=Ind|Number=Sing|Person=1|Tense=Pres|VerbForm=Fin|Voice=Act	_	_	_	@isn1982m-words#@isn1982m#3077.912#3078.126
567	между	между	ADP	_	_	_	_	_	@isn1982m-words#@isn1982m#3078.126#3078.34
568	вариантами	вариант	NOUN	_	Animacy=Inan|Case=Ins|Gender=Masc|Number=Plur	_	_	_	@isn1982m-words#@isn1982m#3078.34#3078.554
569	от	от	ADP	_	_	_	_	_	@isn1982m-words#@isn1982m#3078.554#3078.768
570	мужчины	мужчина	NOUN	_	Animacy=Anim|Case=Gen|Gender=Masc|Number=Sing	_	_	_	@isn1982m-words#@isn1982m#3078.768#3078.982
571	от	от	ADP	_	_	_	_	_	@isn1982m-words#@isn1982m#3078.982#3079.196
572	природы	природа	NOUN	_	Animacy=Inan|Case=Gen|Gender=Fem|Number=Sing	_	_	_	@isn1982m-words#@isn1982m#3079.196#3079.41
573	наверное	наверное	ADV	_	Degree=Pos	_	_	_	@isn1982m-words#@isn1982m#3080.96#3081.184
574	всё-таки	все-таки	PART	_	_	_	_	_	@isn1982m-words#@isn1982m#3081.184#3081.408
575	от	от	ADP	_	_	_	_	_	@isn1982m-words#@isn1982m#3081.408#3081.632
576	природы	природа	NOUN	_	Animacy=Inan|Case=Gen|Gender=Fem|Number=Sing	_	_	_	@isn1982m-words#@isn1982m#3081.632#3081.856
577	/	/	PUNCT	_	_	_	_	_	@isn1982m-words#@isn1982m#3081.856#3082.08
578	потому что	потому что	SCONJ	_	_	_	_	_	@isn1982m-words#@isn1982m#3082.08#3082.304
579	женщина	женщина	NOUN	_	Animacy=Anim|Case=Nom|Gender=Fem|Number=Sing	_	_	_	@isn1982m-words#@isn1982m#3082.528#3082.752
580	близка	близкий	ADJ	_	Degree=Pos|Gender=Fem|Number=Sing|Variant=Short	_	_	_	@isn1982m-words#@isn1982m#3082.752#3082.976
581	к	к	ADP	_	_	_	_	_	@isn1982m-words#@isn1982m#3082.976#3083.2
582	природе	природа	NOUN	_	Animacy=Inan|Case=Dat|Gender=Fem|Number=Sing	_	_	_	@isn1982m-words#@isn1982m#3083.2#3083.424
583	/	/	PUNCT	_	_	_	_	_	@isn1982m-words#@isn1982m#3083.424#3083.648
584	и	и	CCONJ	_	_	_	_	_	@isn1982m-words#@isn1982m#3083.648#3083.872
585	есть	быть	VERB	_	Aspect=Imp|Mood=Ind|Number=Plur|Person=3|Tense=Pres|VerbForm=Fin|Voice=Act	_	_	_	@isn1982m-words#@isn1982m#3083.872#3084.096
586	такие	такой	DET	_	Case=Nom|Number=Plur	_	_	_	@isn1982m-words#@isn1982m#3084.096#3084.32
587	вещи	вещь	NOUN	_	Animacy=Inan|Case=Nom|Gender=Fem|Number=Plur	_	_	_	@isn1982m-words#@isn1982m#3084.32#3084.544
588	которые	который	PRON	_	Case=Acc	_	_	_	@isn1982m-words#@isn1982m#3084.544#3084.768
589	/	/	PUNCT	_	_	_	_	_	@isn1982m-words#@isn1982m#3084.768#3084.992
590	женщина	женщина	NOUN	_	Animacy=Anim|Case=Nom|Gender=Fem|Number=Sing	_	_	_	@isn1982m-words#@isn1982m#3084.992#3085.216
591	знает	знать	VERB	_	Aspect=Imp|Mood=Ind|Number=Sing|Person=3|Tense=Pres|VerbForm=Fin|Voice=Act	_	_	_	@isn1982m-words#@isn1982m#3085.216#3085.44
592	с	с	ADP	_	_	_	_	_	@isn1982m-words#@isn1982m#3085.44#3085.664
593	рождения	рождение	NOUN	_	Animacy=Inan|Case=Gen|Gender=Neut|Number=Sing	_	_	_	@isn1982m-words#@isn1982m#3085.664#3085.888
594	/	/	PUNCT	_	_	_	_	_	@isn1982m-words#@isn1982m#3085.888#3086.112
595	а	а	CCONJ	_	_	_	_	_	@isn1982m-words#@isn1982m#3086.112#3086.336
596	мужчина	мужчина	NOUN	_	Animacy=Anim|Case=Nom|Gender=Masc|Number=Sing	_	_	_	@isn1982m-words#@isn1982m#3086.336#3086.56
597	не	не	PART	_	_	_	_	_	@isn1982m-words#@isn1982m#3086.56#3086.784
598	знает	знать	VERB	_	Aspect=Imp|Mood=Ind|Number=Sing|Person=3|Tense=Pres|VerbForm=Fin|Voice=Act	_	_	_	@isn1982m-words#@isn1982m#3086.784#3087.008
599	никогда	никогда	ADV	_	Degree=Pos	_	_	_	@isn1982m-words#@isn1982m#3087.008#3087.24
600	aa	aa	X	_	Foreign=Yes	_	_	_	@isn1982m-words#@isn1982m#3088.0#3088.268
601	/	/	PUNCT	_	_	_	_	_	@isn1982m-words#@isn1982m#3088.268#3088.536
602	мне	я	PRON	_	Case=Dat|Number=Sing|Person=1	_	_	_	@isn1982m-words#@isn1982m#3088.536#3088.804
603	кажется	казаться	VERB	_	Aspect=Imp|Mood=Ind|Number=Sing|Person=3|Tense=Pres|VerbForm=Fin|Voice=Mid	_	_	_	@isn1982m-words#@isn1982m#3088.804#3089.072
604	важным	важный	ADJ	_	Case=Ins|Degree=Pos|Gender=Neut|Number=Sing	_	_	_	@isn1982m-words#@isn1982m#3089.072#3089.34
605	чтобы	чтобы	SCONJ	_	Mood=Cnd	_	_	_	@isn1982m-words#@isn1982m#3089.34#3089.608
606	/	/	PUNCT	_	_	_	_	_	@isn1982m-words#@isn1982m#3089.608#3089.876
607	эта	этот	DET	_	Case=Nom|Gender=Fem|Number=Sing	_	_	_	@isn1982m-words#@isn1982m#3089.876#3090.144
608	передача	передача	NOUN	_	Animacy=Inan|Case=Nom|Gender=Fem|Number=Sing	_	_	_	@isn1982m-words#@isn1982m#3090.144#3090.412
609	дожила…	дожила…	PUNCT	_	_	_	_	_	@isn1982m-words#@isn1982m#3090.412#3090.68
610	/	/	PUNCT	_	_	_	_	_	@isn1982m-words#@isn1982m#3090.68#3090.948
611	ну	ну	PART	_	_	_	_	_	@isn1982m-words#@isn1982m#3090.948#3091.216
612	/	/	PUNCT	_	_	_	_	_	@isn1982m-words#@isn1982m#3091.216#3091.484
613	в	в	ADP	_	_	_	_	_	@isn1982m-words#@isn1982m#3091.484#3091.752
614	общем	общий	ADJ	_	Case=Loc|Degree=Pos|Gender=Neut|Number=Sing	_	_	_	@isn1982m-words#@isn1982m#3091.752#3092.02
615	/	/	PUNCT	_	_	_	_	_	@isn1982m-words#@isn1982m#3092.02#3092.288
616	жила	жить	VERB	_	Aspect=Imp|Gender=Fem|Mood=Ind|Number=Sing|Tense=Past|VerbForm=Fin|Voice=Act	_	_	_	@isn1982m-words#@isn1982m#3092.288#3092.556
617	как	как	ADV	_	Degree=Pos	_	_	_	@isn1982m-words#@isn1982m#3092.556#3092.824
618	можно	можно	ADV	_	Degree=Pos	_	_	_	@isn1982m-words#@isn1982m#3092.824#3093.092
619	дольше	долго	ADV	_	Degree=Cmp	_	_	_	@isn1982m-words#@isn1982m#3093.092#3093.36
620	/	/	PUNCT	_	_	_	_	_	@isn1982m-words#@isn1982m#3093.36#3093.628
621	потому что	потому что	SCONJ	_	_	_	_	_	@isn1982m-words#@isn1982m#3093.628#3093.896
622	это	этот	PRON	_	Animacy=Inan|Case=Nom|Gender=Neut|Number=Sing	_	_	_	@isn1982m-words#@isn1982m#3094.164#3094.432
623	действительно...	действительно...	PROPN	_	Animacy=Anim|Case=Nom|Gender=Masc|Number=Sing	_	_	_	@isn1982m-words#@isn1982m#3094.432#3094.7
624	многие	много	NUM	_	_	_	_	_	@isn1982m-words#@isn1982m#3094.7#3094.968
625	говорят	говорить	VERB	_	Aspect=Imp|Mood=Ind|Number=Plur|Person=3|Tense=Pres|VerbForm=Fin|Voice=Act	_	_	_	@isn1982m-words#@isn1982m#3094.968#3095.236
626	что	что	SCONJ	_	_	_	_	_	@isn1982m-words#@isn1982m#3095.236#3095.504
627	это	это	PRON	_	Animacy=Inan|Case=Nom|Gender=Neut|Number=Sing	_	_	_	@isn1982m-words#@isn1982m#3095.504#3095.772
628	отдушина	отдушина	NOUN	_	Animacy=Inan|Case=Nom|Gender=Fem|Number=Sing	_	_	_	@isn1982m-words#@isn1982m#3095.772#3096.04
629	/	/	PUNCT	_	_	_	_	_	@isn1982m-words#@isn1982m#3096.04#3096.308
630	это	это	PRON	_	Animacy=Inan|Case=Nom|Gender=Neut|Number=Sing	_	_	_	@isn1982m-words#@isn1982m#3096.308#3096.576
631	действительно	действительно	ADV	_	Degree=Pos	_	_	_	@isn1982m-words#@isn1982m#3096.576#3096.844
632	отдушина	отдушина	NOUN	_	Animacy=Inan|Case=Nom|Gender=Fem|Number=Sing	_	_	_	@isn1982m-words#@isn1982m#3096.844#3097.12
633	ээ	ээ	INTJ	_	_	_	_	_	@isn1982m-words#@isn1982m#3098.6#3098.861
634	притом что	притом что2	NOUN	_	Animacy=Inan|Case=Nom|Gender=Neut|Number=Sing	_	_	_	@isn1982m-words#@isn1982m#3098.861#3099.122
635	/	/	PUNCT	_	_	_	_	_	@isn1982m-words#@isn1982m#3099.383#3099.644
636	понятно	понятный	ADV	_	Degree=Pos	_	_	_	@isn1982m-words#@isn1982m#3099.644#3099.905
637	что	что	SCONJ	_	_	_	_	_	@isn1982m-words#@isn1982m#3099.905#3100.166
638	это	это	PRON	_	Animacy=Inan|Case=Nom|Gender=Neut|Number=Sing	_	_	_	@isn1982m-words#@isn1982m#3100.166#3100.427
639	было	быть	AUX	_	Aspect=Imp|Gender=Neut|Mood=Ind|Number=Sing|Tense=Past|VerbForm=Fin|Voice=Act	_	_	_	@isn1982m-words#@isn1982m#3100.427#3100.688
640	/	/	PUNCT	_	_	_	_	_	@isn1982m-words#@isn1982m#3100.688#3100.949
641	э	эра	INTJ	_	_	_	_	_	@isn1982m-words#@isn1982m#3100.949#3101.21
642	что-то	что-то	PRON	_	Case=Nom	_	_	_	@isn1982m-words#@isn1982m#3101.21#3101.471
643	уникальное	уникальный	ADJ	_	Case=Nom|Degree=Pos|Gender=Neut|Number=Sing	_	_	_	@isn1982m-words#@isn1982m#3101.471#3101.732
644	/	/	PUNCT	_	_	_	_	_	@isn1982m-words#@isn1982m#3101.732#3101.993
645	в	в	ADP	_	_	_	_	_	@isn1982m-words#@isn1982m#3101.993#3102.254
646	тот	тот	DET	_	Case=Acc|Gender=Masc|Number=Sing	_	_	_	@isn1982m-words#@isn1982m#3102.254#3102.515
647	момент	момент	NOUN	_	Animacy=Inan|Case=Acc|Gender=Masc|Number=Sing	_	_	_	@isn1982m-words#@isn1982m#3102.515#3102.776
648	когда	когда	ADV	_	Degree=Pos	_	_	_	@isn1982m-words#@isn1982m#3102.776#3103.037
649	не	не	PART	_	_	_	_	_	@isn1982m-words#@isn1982m#3103.037#3103.298
650	было	быть	VERB	_	Aspect=Imp|Gender=Neut|Mood=Ind|Number=Sing|Tense=Past|VerbForm=Fin|Voice=Act	_	_	_	@isn1982m-words#@isn1982m#3103.298#3103.559
651	интернета	интернет	NOUN	_	Animacy=Inan|Case=Gen|Gender=Masc|Number=Sing	_	_	_	@isn1982m-words#@isn1982m#3103.559#3103.82
652	/	/	PUNCT	_	_	_	_	_	@isn1982m-words#@isn1982m#3103.82#3104.081
653	а	а	CCONJ	_	_	_	_	_	@isn1982m-words#@isn1982m#3104.081#3104.342
654	был	быть	AUX	_	Aspect=Imp|Gender=Masc|Mood=Ind|Number=Sing|Tense=Past|VerbForm=Fin|Voice=Act	_	_	_	@isn1982m-words#@isn1982m#3104.342#3104.603
655	токо	токо	ADV	_	Degree=Pos	_	_	_	@isn1982m-words#@isn1982m#3104.603#3104.864
656	телевизор	телевизор	NOUN	_	Animacy=Inan|Case=Nom|Gender=Masc|Number=Sing	_	_	_	@isn1982m-words#@isn1982m#3104.864#3105.125
657	/	/	PUNCT	_	_	_	_	_	@isn1982m-words#@isn1982m#3105.125#3105.386
658	щас	щас	NOUN	_	Animacy=Inan|Case=Nom|Gender=Masc|Number=Sing	_	_	_	@isn1982m-words#@isn1982m#3105.386#3105.647
659	/	/	PUNCT	_	_	_	_	_	@isn1982m-words#@isn1982m#3105.647#3105.908
660	когда	когда	SCONJ	_	_	_	_	_	@isn1982m-words#@isn1982m#3105.908#3106.169
661	интернет	интернет	NOUN	_	Animacy=Inan|Case=Nom|Gender=Masc|Number=Sing	_	_	_	@isn1982m-words#@isn1982m#3106.169#3106.43
662	есть	быть	AUX	_	Aspect=Imp|Mood=Ind|Number=Sing|Person=3|Tense=Pres|VerbForm=Fin|Voice=Act	_	_	_	@isn1982m-words#@isn1982m#3106.43#3106.691
663	это	это	PRON	_	Animacy=Inan|Case=Nom|Gender=Neut|Number=Sing	_	_	_	@isn1982m-words#@isn1982m#3106.691#3106.952
664	не	не	PART	_	_	_	_	_	@isn1982m-words#@isn1982m#3106.952#3107.213
665	уникально	уникальный	ADJ	_	Degree=Pos|Gender=Neut|Number=Sing|Variant=Short	_	_	_	@isn1982m-words#@isn1982m#3107.213#3107.474
666	/	/	PUNCT	_	_	_	_	_	@isn1982m-words#@isn1982m#3107.474#3107.735
667	но	но	CCONJ	_	_	_	_	_	@isn1982m-words#@isn1982m#3107.735#3107.996
668	всё равно	всё равно	ADV	_	Degree=Pos	_	_	_	@isn1982m-words#@isn1982m#3107.996#3108.257
669	равно	равно	ADV	_	Degree=Pos	_	_	_	@isn1982m-words#@isn1982m#3108.257#3108.518
670	что-то	что-то	PRON	_	Case=Acc	_	_	_	@isn1982m-words#@isn1982m#3108.779#3109.05
671	да	да	PART	_	_	_	_	_	@isn1982m-words#@isn1982m#3110.46#3110.79
672	это	это	PRON	_	Animacy=Inan|Case=Nom|Gender=Neut|Number=Sing	_	_	_	@isn1982m-words#@isn1982m#3111.26#3111.62
673	что-то	что-то	PRON	_	Case=Nom	_	_	_	@isn1982m-words#@isn1982m#3111.62#3111.98
674	такое	такой	DET	_	Case=Nom|Gender=Neut|Number=Sing	_	_	_	@isn1982m-words#@isn1982m#3112.34#3112.7
675	/	/	PUNCT	_	_	_	_	_	@isn1982m-words#@isn1982m#3112.7#3113.06
676	э	эра	NOUN	_	Animacy=Inan|Case=Nom|Gender=Neut|Number=Sing	_	_	_	@isn1982m-words#@isn1982m#3113.06#3113.42
677	ну	ну	PART	_	_	_	_	_	@isn1982m-words#@isn1982m#3115.06#3115.352
678	чего	что	PRON	_	Case=Gen	_	_	_	@isn1982m-words#@isn1982m#3115.352#3115.644
679	нет	нет	VERB	_	Aspect=Imp|Mood=Ind|Number=Sing|Person=3|Tense=Pres|VerbForm=Fin|Voice=Act	_	_	_	@isn1982m-words#@isn1982m#3115.644#3115.936
680	похожего	похожий	ADJ	_	Case=Gen|Degree=Pos|Gender=Neut|Number=Sing	_	_	_	@isn1982m-words#@isn1982m#3115.936#3116.228
681	/	/	PUNCT	_	_	_	_	_	@isn1982m-words#@isn1982m#3116.228#3116.52
682	и	и	CCONJ	_	_	_	_	_	@isn1982m-words#@isn1982m#3116.52#3116.812
683	что	что	PRON	_	Case=Nom	_	_	_	@isn1982m-words#@isn1982m#3116.812#3117.104
684	очень	очень	ADV	_	Degree=Pos	_	_	_	@isn1982m-words#@isn1982m#3117.104#3117.396
685	сделать…	сделать…	PUNCT	_	_	_	_	_	@isn1982m-words#@isn1982m#3117.396#3117.688
686	трудно	трудный	ADJ	_	Degree=Pos|Gender=Neut|Number=Sing|Variant=Short	_	_	_	@isn1982m-words#@isn1982m#3117.688#3117.98
687	сделать	делать	VERB	_	Aspect=Perf|VerbForm=Inf|Voice=Act	_	_	_	@isn1982m-words#@isn1982m#3117.98#3118.272
688	похожим	похожий	ADJ	_	Case=Ins|Degree=Pos|Gender=Neut|Number=Sing	_	_	_	@isn1982m-words#@isn1982m#3118.272#3118.564
689	есть	быть	AUX	_	Aspect=Imp|Mood=Ind|Number=Sing|Person=3|Tense=Pres|VerbForm=Fin|Voice=Act	_	_	_	@isn1982m-words#@isn1982m#3118.564#3118.856
690	передачи	передача	NOUN	_	Animacy=Inan|Case=Gen|Gender=Fem|Number=Sing	_	_	_	@isn1982m-words#@isn1982m#3118.856#3119.148
691	/	/	PUNCT	_	_	_	_	_	@isn1982m-words#@isn1982m#3119.148#3119.44
692	которые	который	PRON	_	Case=Nom	_	_	_	@isn1982m-words#@isn1982m#3119.44#3119.732
693	снимаются	снимать	VERB	_	Aspect=Imp|Mood=Ind|Number=Plur|Person=3|Tense=Pres|VerbForm=Fin|Voice=Pass	_	_	_	@isn1982m-words#@isn1982m#3119.732#3120.024
694	по	по	ADP	_	_	_	_	_	@isn1982m-words#@isn1982m#3120.024#3120.316
695	франшизе	франшиза	NOUN	_	Animacy=Inan|Case=Dat|Gender=Fem|Number=Sing	_	_	_	@isn1982m-words#@isn1982m#3120.316#3120.608
696	/	/	PUNCT	_	_	_	_	_	@isn1982m-words#@isn1982m#3120.608#3120.9
697	в	в	ADP	_	_	_	_	_	@isn1982m-words#@isn1982m#3120.9#3121.192
698	бывших	бывший	ADJ	_	Case=Loc|Degree=Pos|Number=Plur	_	_	_	@isn1982m-words#@isn1982m#3121.192#3121.484
699	республиках	республика	NOUN	_	Animacy=Inan|Case=Loc|Gender=Fem|Number=Plur	_	_	_	@isn1982m-words#@isn1982m#3121.484#3121.776
700	Советского	советский	ADJ	_	Case=Gen|Degree=Pos|Gender=Masc|Number=Sing	_	_	_	@isn1982m-words#@isn1982m#3121.776#3122.068
701	союза	союз	NOUN	_	Animacy=Inan|Case=Gen|Gender=Masc|Number=Sing	_	_	_	@isn1982m-words#@isn1982m#3122.068#3122.36
702	/	/	PUNCT	_	_	_	_	_	@isn1982m-words#@isn1982m#3122.36#3122.652
703	но	но	CCONJ	_	_	_	_	_	@isn1982m-words#@isn1982m#3122.652#3122.944
704	идея	идея	NOUN	_	Animacy=Inan|Case=Nom|Gender=Fem|Number=Sing	_	_	_	@isn1982m-words#@isn1982m#3122.944#3123.236
705	та	тот	DET	_	Case=Nom|Gender=Fem|Number=Sing	_	_	_	@isn1982m-words#@isn1982m#3123.236#3123.528
706	же	же	PART	_	_	_	_	_	@isn1982m-words#@isn1982m#3123.528#3123.82
707	самая	самый	ADJ	_	Case=Nom|Degree=Pos|Gender=Fem|Number=Sing	_	_	_	@isn1982m-words#@isn1982m#3123.82#3124.112
708	/	/	PUNCT	_	_	_	_	_	@isn1982m-words#@isn1982m#3124.112#3124.404
709	да	да	CCONJ	_	_	_	_	_	@isn1982m-words#@isn1982m#3124.404#3124.696
710	и	и	PART	_	_	_	_	_	@isn1982m-words#@isn1982m#3124.696#3124.988
711	/	/	PUNCT	_	_	_	_	_	@isn1982m-words#@isn1982m#3124.988#3125.28
712	и	и	CCONJ	_	_	_	_	_	@isn1982m-words#@isn1982m#3125.28#3125.572
713	понятно	понятный	ADV	_	Degree=Pos	_	_	_	@isn1982m-words#@isn1982m#3125.572#3125.864
714	что	что	SCONJ	_	_	_	_	_	@isn1982m-words#@isn1982m#3125.864#3126.156
715	с	с	ADP	_	_	_	_	_	@isn1982m-words#@isn1982m#3126.156#3126.448
716	нуля	нуль	NOUN	_	Animacy=Inan|Case=Gen|Gender=Masc|Number=Sing	_	_	_	@isn1982m-words#@isn1982m#3126.448#3126.74
717	такую	такой	DET	_	Case=Acc|Gender=Fem|Number=Sing	_	_	_	@isn1982m-words#@isn1982m#3126.74#3127.032
718	же	же	PART	_	_	_	_	_	@isn1982m-words#@isn1982m#3127.032#3127.324
719	передачу	передача	NOUN	_	Animacy=Inan|Case=Acc|Gender=Fem|Number=Sing	_	_	_	@isn1982m-words#@isn1982m#3127.324#3127.616
720	не	не	PART	_	_	_	_	_	@isn1982m-words#@isn1982m#3127.616#3127.908
721	получилось	получиться	VERB	_	Aspect=Perf|Gender=Neut|Mood=Ind|Number=Sing|Tense=Past|VerbForm=Fin|Voice=Mid	_	_	_	@isn1982m-words#@isn1982m#3127.908#3128.2
722	бы	бы	AUX	_	_	_	_	_	@isn1982m-words#@isn1982m#3128.2#3128.492
723	/	/	PUNCT	_	_	_	_	_	@isn1982m-words#@isn1982m#3128.492#3128.784
724	что	что	SCONJ	_	_	_	_	_	@isn1982m-words#@isn1982m#3128.784#3129.076
725	франшиза	франшиз	NOUN	_	Animacy=Inan|Case=Nom|Gender=Fem|Number=Sing	_	_	_	@isn1982m-words#@isn1982m#3129.076#3129.368
726	возможна	возможный	ADJ	_	Degree=Pos|Gender=Fem|Number=Sing|Variant=Short	_	_	_	@isn1982m-words#@isn1982m#3129.368#3129.66
727	только	только	PART	_	_	_	_	_	@isn1982m-words#@isn1982m#3129.66#3129.952
728	потому что	потому что	SCONJ	_	_	_	_	_	@isn1982m-words#@isn1982m#3129.952#3130.244
729	/	/	PUNCT	_	_	_	_	_	@isn1982m-words#@isn1982m#3130.536#3130.828
730	помнят	помнить	VERB	_	Aspect=Imp|Mood=Ind|Number=Plur|Person=3|Tense=Pres|VerbForm=Fin|Voice=Act	_	_	_	@isn1982m-words#@isn1982m#3130.828#3131.12
731	вот	вот	PART	_	_	_	_	_	@isn1982m-words#@isn1982m#3131.12#3131.412
732	это	это	PRON	_	Animacy=Inan|Case=Nom|Gender=Neut|Number=Sing	_	_	_	@isn1982m-words#@isn1982m#3131.412#3131.704
733	первое…	первое…	PUNCT	_	_	_	_	_	@isn1982m-words#@isn1982m#3131.704#3131.996
734	/	/	PUNCT	_	_	_	_	_	@isn1982m-words#@isn1982m#3131.996#3132.288
735	первоисходник	первоисходник	NOUN	_	Animacy=Anim|Case=Nom|Gender=Masc|Number=Sing	_	_	_	@isn1982m-words#@isn1982m#3132.288#3132.62
736	аа	а	NOUN	_	Animacy=Inan|Case=Gen|Gender=Masc|Number=Sing	_	_	_	@isn1982m-words#@isn1982m#3133.9#3134.216
737	ну	ну	PART	_	_	_	_	_	@isn1982m-words#@isn1982m#3134.216#3134.532
738	хорошо	хорошо	ADV	_	Degree=Pos	_	_	_	@isn1982m-words#@isn1982m#3134.532#3134.848
739	/	/	PUNCT	_	_	_	_	_	@isn1982m-words#@isn1982m#3134.848#3135.164
740	пусть	пусть	PART	_	_	_	_	_	@isn1982m-words#@isn1982m#3135.164#3135.48
741	это	это	PRON	_	Animacy=Inan|Case=Nom|Gender=Neut|Number=Sing	_	_	_	@isn1982m-words#@isn1982m#3135.48#3135.796
742	будет	быть	AUX	_	Aspect=Imp|Mood=Ind|Number=Sing|Person=3|Tense=Pres|VerbForm=Fin|Voice=Act	_	_	_	@isn1982m-words#@isn1982m#3135.796#3136.112
743	/	/	PUNCT	_	_	_	_	_	@isn1982m-words#@isn1982m#3136.112#3136.428
744	ааа	аа	NOUN	_	Animacy=Inan|Case=Nom|Gender=Fem|Number=Sing	_	_	_	@isn1982m-words#@isn1982m#3136.428#3136.744
745	/	/	PUNCT	_	_	_	_	_	@isn1982m-words#@isn1982m#3136.744#3137.06
746	с	с	ADP	_	_	_	_	_	@isn1982m-words#@isn1982m#3137.06#3137.376
747	моим	мой	DET	_	Case=Ins|Gender=Neut|Number=Sing	_	_	_	@isn1982m-words#@isn1982m#3137.376#3137.692
748	присутствием	присутствие	NOUN	_	Animacy=Inan|Case=Ins|Gender=Neut|Number=Sing	_	_	_	@isn1982m-words#@isn1982m#3137.692#3138.008
749	это	это	PRON	_	Animacy=Inan|Case=Nom|Gender=Neut|Number=Sing	_	_	_	@isn1982m-words#@isn1982m#3138.008#3138.324
750	невозможно	невозможный	ADJ	_	Degree=Pos|Gender=Neut|Number=Sing|Variant=Short	_	_	_	@isn1982m-words#@isn1982m#3138.324#3138.65
751	да	да	PART	_	_	_	_	_	@isn1982m-words#@isn1982m#3146.75#3146.976
752	/	/	PUNCT	_	_	_	_	_	@isn1982m-words#@isn1982m#3146.976#3147.202
753	мне	я	PRON	_	Case=Dat|Number=Sing|Person=1	_	_	_	@isn1982m-words#@isn1982m#3147.202#3147.428
754	кажется	казаться	VERB	_	Aspect=Imp|Mood=Ind|Number=Sing|Person=3|Tense=Pres|VerbForm=Fin|Voice=Mid	_	_	_	@isn1982m-words#@isn1982m#3147.428#3147.654
755	да	да	CCONJ	_	_	_	_	_	@isn1982m-words#@isn1982m#3147.654#3147.88
756	ну	ну	PART	_	_	_	_	_	@isn1982m-words#@isn1982m#3149.0#3149.358
757	конечно	конечный	ADV	_	Degree=Pos	_	_	_	@isn1982m-words#@isn1982m#3149.358#3149.716
758	конформист	конформист	NOUN	_	Animacy=Anim|Case=Nom|Gender=Masc|Number=Sing	_	_	_	@isn1982m-words#@isn1982m#3149.716#3150.074
759	/	/	PUNCT	_	_	_	_	_	@isn1982m-words#@isn1982m#3150.074#3150.432
760	но	но	CCONJ	_	_	_	_	_	@isn1982m-words#@isn1982m#3150.432#3150.79
761	он	он	PRON	_	Case=Nom|Gender=Masc|Number=Sing|Person=3	_	_	_	@isn1982m-words#@isn1982m#3150.79#3151.148
762	конформист	конформист	NOUN	_	Animacy=Anim|Case=Nom|Gender=Masc|Number=Sing	_	_	_	@isn1982m-words#@isn1982m#3151.148#3151.506
763	такой	такой	DET	_	Case=Nom|Gender=Masc|Number=Sing	_	_	_	@isn1982m-words#@isn1982m#3151.506#3151.864
764	/	/	PUNCT	_	_	_	_	_	@isn1982m-words#@isn1982m#3151.864#3152.222
765	такой	такой	DET	_	Case=Nom|Gender=Masc|Number=Sing	_	_	_	@isn1982m-words#@isn1982m#3152.222#3152.58
766	искренний	искренний	ADJ	_	Case=Nom|Degree=Pos|Gender=Masc|Number=Sing	_	_	_	@isn1982m-words#@isn1982m#3152.58#3152.938
767	/	/	PUNCT	_	_	_	_	_	@isn1982m-words#@isn1982m#3152.938#3153.296
768	ему	он	PRON	_	Case=Dat|Gender=Masc|Number=Sing|Person=3	_	_	_	@isn1982m-words#@isn1982m#3153.296#3153.654
769	искренне	искренне	ADV	_	Degree=Pos	_	_	_	@isn1982m-words#@isn1982m#3153.654#3154.012
770	хочется	хотеться	VERB	_	Aspect=Imp|Mood=Ind|Number=Sing|Person=3|Tense=Pres|VerbForm=Fin|Voice=Mid	_	_	_	@isn1982m-words#@isn1982m#3154.012#3154.37
771	/	/	PUNCT	_	_	_	_	_	@isn1982m-words#@isn1982m#3154.37#3154.728
772	жить	жить	VERB	_	Aspect=Imp|VerbForm=Inf|Voice=Act	_	_	_	@isn1982m-words#@isn1982m#3154.728#3155.086
773	спокойно	спокойно	ADV	_	Degree=Pos	_	_	_	@isn1982m-words#@isn1982m#3155.086#3155.444
774	и	и	CCONJ	_	_	_	_	_	@isn1982m-words#@isn1982m#3155.444#3155.82
775	не	не	PART	_	_	_	_	_	@isn1982m-words#@isn1982m#3157.25#3157.59
776	иметь	иметь	VERB	_	Aspect=Imp|VerbForm=Inf|Voice=Act	_	_	_	@isn1982m-words#@isn1982m#3157.59#3157.93
777	головняка	головняка	NOUN	_	Animacy=Inan|Case=Gen|Gender=Masc|Number=Sing	_	_	_	@isn1982m-words#@isn1982m#3157.93#3158.27
778	из-за	из-за	ADP	_	_	_	_	_	@isn1982m-words#@isn1982m#3158.27#3158.61
779	/	/	PUNCT	_	_	_	_	_	@isn1982m-words#@isn1982m#3158.61#3158.95
780	политики	политика	NOUN	_	Animacy=Inan|Case=Gen|Gender=Fem|Number=Sing	_	_	_	@isn1982m-words#@isn1982m#3158.95#3159.29
781	/	/	PUNCT	_	_	_	_	_	@isn1982m-words#@isn1982m#3159.29#3159.63
782	которая	который	PRON	_	Case=Nom	_	_	_	@isn1982m-words#@isn1982m#3159.63#3159.97
783	его	он	PRON	_	Case=Acc|Gender=Masc|Number=Sing|Person=3	_	_	_	@isn1982m-words#@isn1982m#3159.97#3160.31
784	окружает	окружать	VERB	_	Aspect=Imp|Mood=Ind|Number=Sing|Person=3|Tense=Pres|VerbForm=Fin|Voice=Act	_	_	_	@isn1982m-words#@isn1982m#3160.31#3160.65
785	борис	бориса	NOUN	_	Animacy=Inan|Case=Nom|Gender=Masc|Number=Sing	_	_	_	@isn1982m-words#@isn1982m#3161.46#3161.724
786	делает	делать	VERB	_	Aspect=Imp|Mood=Ind|Number=Sing|Person=3|Tense=Pres|VerbForm=Fin|Voice=Act	_	_	_	@isn1982m-words#@isn1982m#3161.724#3161.988
787	передачу	передача	NOUN	_	Animacy=Inan|Case=Acc|Gender=Fem|Number=Sing	_	_	_	@isn1982m-words#@isn1982m#3161.988#3162.252
788	/	/	PUNCT	_	_	_	_	_	@isn1982m-words#@isn1982m#3162.252#3162.516
789	которая	который	PRON	_	Case=Nom	_	_	_	@isn1982m-words#@isn1982m#3162.516#3162.78
790	ему	он	PRON	_	Case=Dat|Gender=Masc|Number=Sing|Person=3	_	_	_	@isn1982m-words#@isn1982m#3162.78#3163.044
791	досталась	достаться	VERB	_	Aspect=Perf|Gender=Fem|Mood=Ind|Number=Sing|Tense=Past|VerbForm=Fin|Voice=Mid	_	_	_	@isn1982m-words#@isn1982m#3163.044#3163.308
792	по	по	ADP	_	_	_	_	_	@isn1982m-words#@isn1982m#3163.308#3163.572
793	наследству	наследство	NOUN	_	Animacy=Inan|Case=Dat|Gender=Neut|Number=Sing	_	_	_	@isn1982m-words#@isn1982m#3163.572#3163.84
794	ну	ну	PART	_	_	_	_	_	@isn1982m-words#@isn1982m#3167.92#3168.253
795	дай	дать	VERB	_	Aspect=Perf|Mood=Imp|Number=Sing|Person=2|VerbForm=Fin|Voice=Act	_	_	_	@isn1982m-words#@isn1982m#3168.253#3168.586
796	бог	бог	NOUN	_	Animacy=Anim|Case=Nom|Gender=Masc|Number=Sing	_	_	_	@isn1982m-words#@isn1982m#3168.586#3168.92
797	да	да	CCONJ	_	_	_	_	_	@isn1982m-words#@isn1982m#3169.27#3169.68
798	и	и	PART	_	_	_	_	_	@isn1982m-words#@isn1982m#3170.15#3170.442
799	дай	дать	VERB	_	Aspect=Perf|Mood=Imp|Number=Sing|Person=2|VerbForm=Fin|Voice=Act	_	_	_	@isn1982m-words#@isn1982m#3170.442#3170.734
800	бог	бог	NOUN	_	Animacy=Anim|Case=Nom|Gender=Masc|Number=Sing	_	_	_	@isn1982m-words#@isn1982m#3170.734#3171.026
801	нескоро	нескоро	ADV	_	Degree=Pos	_	_	_	@isn1982m-words#@isn1982m#3171.026#3171.32
802	о	о	ADP	_	_	_	_	_	@isn1982m-words#@isn1982m#3173.82#3174.173
803	чём	что	PRON	_	Case=Loc	_	_	_	@isn1982m-words#@isn1982m#3174.173#3174.526
804	вообще	вообще	ADV	_	Degree=Pos	_	_	_	@isn1982m-words#@isn1982m#3174.526#3174.879
805	сыр-бор	сыр-бор	NOUN	_	Animacy=Inan|Case=Nom|Gender=Masc|Number=Sing	_	_	_	@isn1982m-words#@isn1982m#3174.879#3175.232
806	/	/	PUNCT	_	_	_	_	_	@isn1982m-words#@isn1982m#3175.232#3175.585
807	если	если	SCONJ	_	_	_	_	_	@isn1982m-words#@isn1982m#3175.585#3175.938
808	если	если	SCONJ	_	_	_	_	_	@isn1982m-words#@isn1982m#3175.938#3176.291
809	я	я	PRON	_	Case=Nom|Number=Sing|Person=1	_	_	_	@isn1982m-words#@isn1982m#3176.291#3176.644
810	не	не	PART	_	_	_	_	_	@isn1982m-words#@isn1982m#3176.644#3176.997
811	/	/	PUNCT	_	_	_	_	_	@isn1982m-words#@isn1982m#3176.997#3177.35
812	не	не	PART	_	_	_	_	_	@isn1982m-words#@isn1982m#3177.35#3177.703
813	возражаю	возражать	VERB	_	Aspect=Imp|Mood=Ind|Number=Sing|Person=1|Tense=Pres|VerbForm=Fin|Voice=Act	_	_	_	@isn1982m-words#@isn1982m#3177.703#3178.056
814	/	/	PUNCT	_	_	_	_	_	@isn1982m-words#@isn1982m#3178.056#3178.409
815	если	если	SCONJ	_	_	_	_	_	@isn1982m-words#@isn1982m#3178.409#3178.762
816	я	я	PRON	_	Case=Nom|Number=Sing|Person=1	_	_	_	@isn1982m-words#@isn1982m#3178.762#3179.115
817	не	не	PART	_	_	_	_	_	@isn1982m-words#@isn1982m#3179.115#3179.468
818	/	/	PUNCT	_	_	_	_	_	@isn1982m-words#@isn1982m#3179.468#3179.821
819	не	не	PART	_	_	_	_	_	@isn1982m-words#@isn1982m#3179.821#3180.174
820	считаю	считать	VERB	_	Aspect=Imp|Mood=Ind|Number=Sing|Person=1|Tense=Pres|VerbForm=Fin|Voice=Act	_	_	_	@isn1982m-words#@isn1982m#3180.174#3180.527
821	себя	себя	PRON	_	Case=Acc	_	_	_	@isn1982m-words#@isn1982m#3180.527#3180.88
822	/	/	PUNCT	_	_	_	_	_	@isn1982m-words#@isn1982m#3180.88#3181.233
823	ущемлённым	ущемлёть	VERB	_	Aspect=Perf|Case=Ins|Gender=Neut|Number=Sing|Tense=Past|VerbForm=Part|Voice=Pass	_	_	_	@isn1982m-words#@isn1982m#3181.233#3181.586
824	и	и	CCONJ	_	_	_	_	_	@isn1982m-words#@isn1982m#3181.586#3181.939
825	/	/	PUNCT	_	_	_	_	_	@isn1982m-words#@isn1982m#3181.939#3182.292
826	значит	значить	ADV	_	Degree=Pos	_	_	_	@isn1982m-words#@isn1982m#3182.292#3182.645
827	утеснённым	утеснёть	VERB	_	Aspect=Perf|Case=Ins|Gender=Neut|Number=Sing|Tense=Past|VerbForm=Part|Voice=Pass	_	_	_	@isn1982m-words#@isn1982m#3182.645#3182.998
828	/	/	PUNCT	_	_	_	_	_	@isn1982m-words#@isn1982m#3182.998#3183.351
829	то	то	SCONJ	_	_	_	_	_	@isn1982m-words#@isn1982m#3183.351#3183.704
830	вам-то	вай-то	DET	_	Case=Loc|Gender=Masc|Number=Sing	_	_	_	@isn1982m-words#@isn1982m#3183.704#3184.057
831	/	/	PUNCT	_	_	_	_	_	@isn1982m-words#@isn1982m#3184.057#3184.41
832	собственно	собственно	ADV	_	Degree=Pos	_	_	_	@isn1982m-words#@isn1982m#3184.41#3184.763
833	/	/	PUNCT	_	_	_	_	_	@isn1982m-words#@isn1982m#3184.763#3185.116
834	из-за	из-за	ADP	_	_	_	_	_	@isn1982m-words#@isn1982m#3185.116#3185.469
835	чего	что	PRON	_	Case=Gen	_	_	_	@isn1982m-words#@isn1982m#3185.469#3185.822
836	бунтовать	бунтовать	VERB	_	Aspect=Imp|VerbForm=Inf|Voice=Act	_	_	_	@isn1982m-words#@isn1982m#3185.822#3186.175
837	?	?	PUNCT	_	_	_	_	_	@isn1982m-words#@isn1982m#3186.175#3186.53
838	вообще	вообще	ADV	_	Degree=Pos	_	_	_	@isn1982m-words#@isn1982m#3188.0#3188.361
839	этот	этот	DET	_	Case=Nom|Gender=Masc|Number=Sing	_	_	_	@isn1982m-words#@isn1982m#3188.361#3188.722
840	разговор	разговор	NOUN	_	Animacy=Inan|Case=Nom|Gender=Masc|Number=Sing	_	_	_	@isn1982m-words#@isn1982m#3188.722#3189.083
841	про…	про…	PUNCT	_	_	_	_	_	@isn1982m-words#@isn1982m#3189.083#3189.444
842	/	/	PUNCT	_	_	_	_	_	@isn1982m-words#@isn1982m#3189.444#3189.805
843	про	про	ADP	_	_	_	_	_	@isn1982m-words#@isn1982m#3189.805#3190.166
844	чтогдекогда	чтогдекогд	ADV	_	Degree=Pos	_	_	_	@isn1982m-words#@isn1982m#3190.166#3190.527
845	он	он	PRON	_	Case=Nom|Gender=Masc|Number=Sing|Person=3	_	_	_	@isn1982m-words#@isn1982m#3190.527#3190.888
846	/	/	PUNCT	_	_	_	_	_	@isn1982m-words#@isn1982m#3190.888#3191.249
847	по-моему	по-моему	ADV	_	Degree=Pos	_	_	_	@isn1982m-words#@isn1982m#3191.249#3191.61
848	/	/	PUNCT	_	_	_	_	_	@isn1982m-words#@isn1982m#3191.61#3191.971
849	кажется	казаться	VERB	_	Aspect=Imp|Mood=Ind|Number=Sing|Person=3|Tense=Pres|VerbForm=Fin|Voice=Mid	_	_	_	@isn1982m-words#@isn1982m#3191.971#3192.332
850	/	/	PUNCT	_	_	_	_	_	@isn1982m-words#@isn1982m#3192.332#3192.693
851	связано	связать	VERB	_	Aspect=Perf|Gender=Neut|Number=Sing|Tense=Past|Variant=Short|VerbForm=Part|Voice=Pass	_	_	_	@isn1982m-words#@isn1982m#3192.693#3193.054
852	с	с	ADP	_	_	_	_	_	@isn1982m-words#@isn1982m#3193.054#3193.415
853	политикой	политика	NOUN	_	Animacy=Inan|Case=Ins|Gender=Fem|Number=Sing	_	_	_	@isn1982m-words#@isn1982m#3193.415#3193.776
854	/	/	PUNCT	_	_	_	_	_	@isn1982m-words#@isn1982m#3193.776#3194.137
855	именно	именно	PART	_	_	_	_	_	@isn1982m-words#@isn1982m#3194.137#3194.498
856	потому	потому	ADV	_	Degree=Pos	_	_	_	@isn1982m-words#@isn1982m#3194.498#3194.859
857	что	что	SCONJ	_	_	_	_	_	@isn1982m-words#@isn1982m#3194.859#3195.22
858	моя	мой	DET	_	Case=Nom|Gender=Fem|Number=Sing	_	_	_	@isn1982m-words#@isn1982m#3195.22#3195.581
859	работа	работа	NOUN	_	Animacy=Inan|Case=Nom|Gender=Fem|Number=Sing	_	_	_	@isn1982m-words#@isn1982m#3195.581#3195.942
860	связана	связать	VERB	_	Aspect=Perf|Gender=Fem|Number=Sing|Tense=Past|Variant=Short|VerbForm=Part|Voice=Pass	_	_	_	@isn1982m-words#@isn1982m#3195.942#3196.303
861	с	с	ADP	_	_	_	_	_	@isn1982m-words#@isn1982m#3196.303#3196.664
862	политикой	политика	NOUN	_	Animacy=Inan|Case=Ins|Gender=Fem|Number=Sing	_	_	_	@isn1982m-words#@isn1982m#3196.664#3197.03
863	это	это	PRON	_	Animacy=Inan|Case=Nom|Gender=Neut|Number=Sing	_	_	_	@isn1982m-words#@isn1982m#3197.42#3197.886
864	не…	не…	PUNCT	_	_	_	_	_	@isn1982m-words#@isn1982m#3197.886#3198.352
865	/	/	PUNCT	_	_	_	_	_	@isn1982m-words#@isn1982m#3198.352#3198.818
866	ээ	ээ	INTJ	_	_	_	_	_	@isn1982m-words#@isn1982m#3198.818#3199.284
867	/	/	PUNCT	_	_	_	_	_	@isn1982m-words#@isn1982m#3199.284#3199.75
868	это	это	PRON	_	Animacy=Inan|Case=Nom|Gender=Neut|Number=Sing	_	_	_	@isn1982m-words#@isn1982m#3199.75#3200.216
869	не	не	PART	_	_	_	_	_	@isn1982m-words#@isn1982m#3200.216#3200.682
870	самый	самый	ADJ	_	Case=Nom|Degree=Pos|Gender=Masc|Number=Sing	_	_	_	@isn1982m-words#@isn1982m#3200.682#3201.148
871	острый	острый	ADJ	_	Case=Nom|Degree=Pos|Gender=Masc|Number=Sing	_	_	_	@isn1982m-words#@isn1982m#3201.148#3201.614
872	вопрос	вопрос	NOUN	_	Animacy=Inan|Case=Nom|Gender=Masc|Number=Sing	_	_	_	@isn1982m-words#@isn1982m#3201.614#3202.08
873	/	/	PUNCT	_	_	_	_	_	@isn1982m-words#@isn1982m#3202.08#3202.546
874	[нрзб]	[нрзб]	PUNCT	_	_	_	_	_	@isn1982m-words#@isn1982m#3202.546#3203.012
875	бытия	бытие	NOUN	_	Animacy=Inan|Case=Gen|Gender=Neut|Number=Sing	_	_	_	@isn1982m-words#@isn1982m#3203.012#3203.478
876	и	и	CCONJ	_	_	_	_	_	@isn1982m-words#@isn1982m#3203.478#3203.944
877	современности	современность	NOUN	_	Animacy=Inan|Case=Gen|Gender=Fem|Number=Sing	_	_	_	@isn1982m-words#@isn1982m#3203.944#3204.42
878	с	с	ADP	_	_	_	_	_	@bak1966m-words#@bak1966m#3070.21#3070.546
879	японской	японский	ADJ	_	Case=Gen|Degree=Pos|Gender=Fem|Number=Sing	_	_	_	@bak1966m-words#@bak1966m#3070.546#3070.882
880	и	и	CCONJ	_	_	_	_	_	@bak1966m-words#@bak1966m#3070.882#3071.218
881	китайской	китайский	ADJ	_	Case=Gen|Degree=Pos|Gender=Fem|Number=Sing	_	_	_	@bak1966m-words#@bak1966m#3071.218#3071.554
882	мудростью	мудрость	NOUN	_	Animacy=Inan|Case=Ins|Gender=Fem|Number=Sing	_	_	_	@bak1966m-words#@bak1966m#3071.554#3071.89
883	вы	вы	PRON	_	Case=Nom|Number=Plur|Person=2	_	_	_	@bak1966m-words#@bak1966m#3071.89#3072.226
884	справились	справиться	VERB	_	Aspect=Perf|Mood=Ind|Number=Plur|Tense=Past|VerbForm=Fin|Voice=Mid	_	_	_	@bak1966m-words#@bak1966m#3072.226#3072.562
885	/	/	PUNCT	_	_	_	_	_	@bak1966m-words#@bak1966m#3072.562#3072.898
886	а	а	CCONJ	_	_	_	_	_	@bak1966m-words#@bak1966m#3072.898#3073.234
887	теперь	теперь	ADV	_	Degree=Pos	_	_	_	@bak1966m-words#@bak1966m#3073.234#3073.57
888	индийская	индийский	ADJ	_	Case=Nom|Degree=Pos|Gender=Fem|Number=Sing	_	_	_	@bak1966m-words#@bak1966m#3073.57#3073.906
889	/	/	PUNCT	_	_	_	_	_	@bak1966m-words#@bak1966m#3073.906#3074.242
890	мужчины	мужчина	NOUN	_	Animacy=Anim|Case=Nom|Gender=Masc|Number=Plur	_	_	_	@bak1966m-words#@bak1966m#3074.242#3074.578
891	учёны	учёна	NOUN	_	Animacy=Inan|Case=Gen|Gender=Fem|Number=Sing	_	_	_	@bak1966m-words#@bak1966m#3074.578#3074.914
892	от	от	ADP	_	_	_	_	_	@bak1966m-words#@bak1966m#3074.914#3075.25
893	книг	книга	NOUN	_	Animacy=Inan|Case=Gen|Gender=Fem|Number=Plur	_	_	_	@bak1966m-words#@bak1966m#3075.25#3075.586
894	/	/	PUNCT	_	_	_	_	_	@bak1966m-words#@bak1966m#3075.586#3075.922
895	а	а	CCONJ	_	_	_	_	_	@bak1966m-words#@bak1966m#3075.922#3076.258
896	женщины	женщина	NOUN	_	Animacy=Anim|Case=Nom|Gender=Fem|Number=Plur	_	_	_	@bak1966m-words#@bak1966m#3076.258#3076.594
897	?	?	PUNCT	_	_	_	_	_	@bak1966m-words#@bak1966m#3076.594#3076.94

